,Unique ID,cluster
0,2.0,4
1,3.0,0
2,7.0,3
3,8.0,5
4,10.0,2
5,12.0,3
6,13.0,5
7,15.0,4
8,18.0,4
9,24.0,3
10,27.0,5
11,29.0,0
12,30.0,0
13,32.0,4
14,35.0,0
15,41.0,5
16,42.0,5
17,45.0,5
18,49.0,3
19,50.0,3
20,54.0,0
21,55.0,4
22,56.0,3
23,58.0,1
24,59.0,5
25,62.0,3
26,64.0,5
27,66.0,3
28,68.0,5
29,70.0,0
30,72.0,4
31,74.0,4
32,83.0,3
33,84.0,5
34,85.0,5
35,87.0,0
36,90.0,4
37,90.0,3
38,91.0,4
39,92.0,3
40,93.0,5
41,94.0,5
42,97.0,3
43,100.0,0
44,101.0,3
45,102.0,0
46,105.0,0
47,106.0,4
48,107.0,4
49,110.0,0
50,111.0,3
51,119.0,5
52,123.0,0
53,125.0,3
54,129.0,3
55,130.0,3
56,131.0,0
57,135.0,5
58,138.0,0
59,143.0,0
60,144.0,4
61,149.0,3
62,153.0,4
63,154.0,2
64,155.0,3
65,157.0,1
66,158.0,3
67,162.0,0
68,164.0,3
69,166.0,3
70,167.0,5
71,169.0,5
72,171.0,3
73,173.0,3
74,174.0,4
75,175.0,4
76,177.0,0
77,178.0,3
78,179.0,4
79,182.0,0
80,183.0,5
81,184.0,5
82,185.0,4
83,187.0,3
84,188.0,3
85,192.0,3
86,196.0,4
87,198.0,4
88,199.0,4
89,202.0,1
90,203.0,2
91,204.0,5
92,205.0,5
93,206.0,3
94,208.0,3
95,210.0,3
96,211.0,0
97,212.0,0
98,213.0,0
99,214.0,3
100,216.0,4
101,217.0,0
102,219.0,5
103,220.0,4
104,221.0,0
105,222.0,3
106,224.0,5
107,228.0,5
108,231.0,4
109,232.0,4
110,235.0,3
111,236.0,0
112,238.0,1
113,242.0,3
114,243.0,0
115,244.0,1
116,245.0,0
117,246.0,0
118,247.0,5
119,248.0,4
120,251.0,4
121,252.0,4
122,253.0,3
123,255.0,5
124,257.0,3
125,259.0,0
126,260.0,3
127,264.0,0
128,266.0,0
129,267.0,3
130,269.0,0
131,270.0,0
132,271.0,1
133,278.0,4
134,279.0,4
135,283.0,1
136,285.0,5
137,287.0,4
138,288.0,3
139,289.0,3
140,290.0,0
141,293.0,5
142,294.0,3
143,296.0,0
144,297.0,3
145,298.0,4
146,299.0,1
147,301.0,4
148,304.0,3
149,306.0,3
150,306.0,4
151,309.0,3
152,310.0,3
153,311.0,0
154,313.0,5
155,314.0,5
156,318.0,5
157,320.0,0
158,321.0,0
159,322.0,0
160,326.0,3
161,327.0,0
162,329.0,0
163,331.0,5
164,332.0,0
165,334.0,4
166,335.0,3
167,337.0,3
168,338.0,5
169,340.0,0
170,342.0,1
171,343.0,5
172,344.0,5
173,345.0,1
174,346.0,1
175,351.0,3
176,353.0,3
177,356.0,0
178,359.0,4
179,360.0,5
180,361.0,5
181,363.0,3
182,364.0,3
183,365.0,0
184,366.0,1
185,368.0,1
186,369.0,1
187,371.0,3
188,372.0,3
189,372.0,4
190,373.0,3
191,373.0,4
192,376.0,4
193,377.0,3
194,381.0,4
195,383.0,3
196,389.0,3
197,392.0,5
198,393.0,0
199,395.0,4
200,397.0,0
201,398.0,5
202,399.0,3
203,400.0,0
204,401.0,1
205,402.0,0
206,404.0,3
207,405.0,0
208,406.0,4
209,411.0,3
210,412.0,3
211,420.0,4
212,421.0,3
213,422.0,3
214,427.0,3
215,428.0,4
216,430.0,4
217,431.0,4
218,434.0,0
219,435.0,4
220,436.0,5
221,437.0,3
222,437.0,3
223,438.0,2
224,439.0,4
225,440.0,0
226,441.0,3
227,441.0,4
228,444.0,2
229,447.0,5
230,450.0,3
231,452.0,2
232,453.0,3
233,455.0,5
234,458.0,1
235,460.0,0
236,463.0,5
237,464.0,2
238,466.0,3
239,467.0,0
240,471.0,3
241,478.0,4
242,479.0,4
243,480.0,4
244,482.0,4
245,483.0,4
246,484.0,4
247,485.0,5
248,488.0,4
249,489.0,4
250,490.0,3
251,491.0,3
252,492.0,3
253,492.0,4
254,494.0,3
255,497.0,4
256,502.0,4
257,503.0,4
258,505.0,3
259,506.0,0
260,511.0,3
261,514.0,4
262,518.0,4
263,520.0,4
264,521.0,4
265,523.0,1
266,525.0,3
267,526.0,5
268,527.0,5
269,528.0,0
270,529.0,4
271,530.0,3
272,533.0,4
273,534.0,0
274,535.0,4
275,536.0,4
276,538.0,0
277,539.0,5
278,541.0,5
279,542.0,0
280,543.0,0
281,545.0,4
282,546.0,0
283,547.0,5
284,548.0,3
285,551.0,0
286,553.0,0
287,554.0,0
288,559.0,1
289,560.0,4
290,562.0,5
291,567.0,4
292,570.0,5
293,571.0,4
294,574.0,1
295,575.0,5
296,579.0,3
297,584.0,4
298,592.0,5
299,593.0,0
300,595.0,3
301,596.0,3
302,597.0,2
303,598.0,0
304,600.0,2
305,603.0,3
306,605.0,3
307,606.0,0
308,607.0,3
309,608.0,0
310,611.0,4
311,611.0,3
312,612.0,4
313,614.0,3
314,615.0,3
315,616.0,4
316,617.0,3
317,618.0,3
318,619.0,3
319,621.0,1
320,622.0,2
321,623.0,5
322,625.0,5
323,626.0,0
324,628.0,0
325,630.0,2
326,631.0,4
327,632.0,5
328,633.0,3
329,635.0,3
330,636.0,3
331,637.0,3
332,638.0,3
333,638.0,4
334,640.0,4
335,641.0,4
336,642.0,1
337,644.0,4
338,645.0,5
339,647.0,5
340,648.0,3
341,649.0,0
342,650.0,0
343,651.0,4
344,652.0,5
345,653.0,5
346,654.0,3
347,655.0,3
348,656.0,4
349,657.0,4
350,658.0,3
351,659.0,3
352,660.0,3
353,661.0,4
354,663.0,4
355,666.0,0
356,668.0,4
357,670.0,3
358,672.0,4
359,673.0,4
360,676.0,0
361,677.0,4
362,682.0,3
363,683.0,0
364,686.0,5
365,687.0,0
366,689.0,0
367,691.0,4
368,692.0,0
369,693.0,3
370,694.0,3
371,695.0,0
372,699.0,0
373,700.0,4
374,701.0,4
375,703.0,5
376,704.0,1
377,705.0,0
378,706.0,0
379,707.0,0
380,711.0,3
381,712.0,0
382,713.0,0
383,715.0,2
384,716.0,4
385,718.0,4
386,719.0,4
387,720.0,3
388,721.0,0
389,722.0,0
390,723.0,4
391,724.0,4
392,726.0,1
393,727.0,1
394,728.0,3
395,729.0,0
396,730.0,1
397,732.0,0
398,733.0,4
399,734.0,5
400,735.0,5
401,736.0,5
402,737.0,4
403,738.0,0
404,739.0,0
405,740.0,0
406,741.0,0
407,745.0,0
408,748.0,0
409,749.0,0
410,751.0,3
411,755.0,5
412,756.0,4
413,761.0,0
414,768.0,5
415,769.0,0
416,770.0,0
417,771.0,0
418,773.0,4
419,775.0,5
420,783.0,5
421,784.0,3
422,787.0,3
423,788.0,0
424,789.0,3
425,790.0,3
426,791.0,4
427,793.0,5
428,796.0,4
429,797.0,3
430,798.0,0
431,799.0,3
432,800.0,2
433,801.0,3
434,802.0,0
435,803.0,4
436,806.0,3
437,808.0,5
438,809.0,3
439,811.0,2
440,812.0,5
441,813.0,5
442,816.0,4
443,817.0,4
444,819.0,5
445,820.0,0
446,821.0,3
447,822.0,2
448,823.0,4
449,825.0,4
450,828.0,4
451,829.0,4
452,830.0,3
453,833.0,0
454,834.0,5
455,835.0,4
456,836.0,0
457,838.0,3
458,841.0,4
459,843.0,5
460,845.0,2
461,846.0,3
462,847.0,3
463,848.0,3
464,849.0,4
465,850.0,5
466,851.0,3
467,853.0,0
468,855.0,3
469,856.0,0
470,858.0,0
471,859.0,3
472,860.0,5
473,861.0,5
474,862.0,5
475,864.0,3
476,865.0,5
477,866.0,5
478,867.0,3
479,870.0,5
480,871.0,3
481,873.0,4
482,874.0,0
483,879.0,0
484,886.0,0
485,887.0,5
486,888.0,5
487,890.0,3
488,891.0,4
489,894.0,5
490,895.0,5
491,896.0,4
492,900.0,0
493,901.0,0
494,902.0,3
495,906.0,4
496,910.0,0
497,911.0,0
498,912.0,3
499,913.0,2
500,914.0,0
501,915.0,0
502,916.0,0
503,917.0,3
504,919.0,5
505,920.0,4
506,921.0,3
507,922.0,4
508,923.0,3
509,928.0,0
510,929.0,3
511,932.0,5
512,934.0,5
513,935.0,0
514,937.0,3
515,940.0,0
516,941.0,0
517,942.0,5
518,944.0,4
519,946.0,0
520,947.0,4
521,951.0,4
522,952.0,3
523,953.0,5
524,954.0,3
525,955.0,4
526,956.0,4
527,957.0,0
528,958.0,3
529,960.0,2
530,962.0,3
531,963.0,3
532,967.0,0
533,969.0,0
534,975.0,4
535,976.0,4
536,979.0,5
537,982.0,5
538,985.0,1
539,989.0,3
540,991.0,4
541,992.0,4
542,999.0,5
543,1001.0,5
544,1006.0,5
545,1007.0,3
546,1012.0,3
547,1016.0,4
548,1017.0,5
549,1018.0,0
550,1024.0,3
551,1025.0,3
552,1025.0,4
553,1026.0,4
554,1031.0,2
555,1032.0,3
556,1034.0,3
557,1036.0,4
558,1037.0,4
559,1037.0,3
560,1038.0,3
561,1039.0,5
562,1040.0,4
563,1041.0,4
564,1042.0,0
565,1043.0,1
566,1044.0,3
567,1045.0,4
568,1048.0,0
569,1052.0,0
570,1053.0,0
571,1055.0,3
572,1056.0,3
573,1057.0,2
574,1059.0,1
575,1060.0,3
576,1062.0,4
577,1063.0,4
578,1064.0,4
579,1067.0,0
580,1069.0,3
581,1071.0,3
582,1073.0,4
583,1075.0,0
584,1076.0,0
585,1077.0,3
586,1078.0,3
587,1079.0,4
588,1080.0,1
589,1081.0,0
590,1082.0,4
591,1083.0,3
592,1087.0,3
593,1088.0,1
594,1089.0,4
595,1090.0,0
596,1092.0,3
597,1094.0,1
598,1095.0,5
599,1097.0,4
600,1102.0,3
601,1103.0,5
602,1109.0,4
603,1112.0,5
604,1113.0,4
605,1114.0,4
606,1116.0,3
607,1118.0,3
608,1119.0,3
609,1121.0,0
610,1123.0,5
611,1127.0,1
612,1133.0,5
613,1137.0,3
614,1141.0,3
615,1142.0,3
616,1143.0,3
617,1144.0,0
618,1145.0,3
619,1146.0,0
620,1148.0,4
621,1150.0,0
622,1152.0,4
623,1154.0,3
624,1156.0,4
625,1157.0,4
626,1158.0,5
627,1159.0,2
628,1163.0,3
629,1164.0,2
630,1165.0,4
631,1167.0,3
632,1168.0,4
633,1169.0,3
634,1173.0,5
635,1176.0,3
636,1182.0,3
637,1184.0,5
638,1185.0,4
639,1186.0,1
640,1187.0,3
641,1188.0,5
642,1189.0,4
643,1191.0,1
644,1192.0,3
645,1194.0,0
646,1196.0,0
647,1198.0,0
648,1201.0,5
649,1202.0,3
650,1203.0,5
651,1204.0,3
652,1205.0,3
653,1208.0,3
654,1210.0,4
655,1211.0,3
656,1212.0,3
657,1215.0,4
658,1216.0,4
659,1217.0,4
660,1219.0,5
661,1221.0,3
662,1222.0,5
663,1223.0,3
664,1224.0,4
665,1229.0,3
666,1233.0,2
667,1234.0,5
668,1235.0,0
669,1236.0,3
670,1237.0,3
671,1239.0,3
672,1240.0,0
673,1242.0,1
674,1243.0,1
675,1244.0,5
676,1246.0,5
677,1248.0,3
678,1252.0,1
679,1253.0,3
680,1254.0,4
681,1258.0,3
682,1260.0,4
683,1262.0,0
684,1263.0,0
685,1265.0,3
686,1266.0,3
687,1266.0,4
688,1267.0,0
689,1269.0,3
690,1270.0,0
691,1273.0,3
692,1275.0,4
693,1278.0,0
694,1279.0,0
695,1280.0,4
696,1281.0,4
697,1284.0,5
698,1285.0,4
699,1287.0,0
700,1288.0,3
701,1289.0,5
702,1292.0,3
703,1293.0,4
704,1294.0,0
705,1295.0,3
706,1296.0,0
707,1298.0,5
708,1300.0,1
709,1301.0,0
710,1302.0,5
711,1303.0,5
712,1305.0,1
713,1306.0,1
714,1308.0,0
715,1310.0,3
716,1313.0,0
717,1314.0,0
718,1315.0,1
719,1317.0,4
720,1323.0,4
721,1325.0,4
722,1327.0,5
723,1328.0,4
724,1333.0,3
725,1336.0,3
726,1338.0,3
727,1339.0,3
728,1340.0,5
729,1342.0,4
730,1343.0,4
731,1344.0,5
732,1346.0,3
733,1347.0,4
734,1349.0,1
735,1350.0,3
736,1354.0,4
737,1355.0,3
738,1357.0,4
739,1358.0,3
740,1361.0,4
741,1362.0,3
742,1365.0,3
743,1370.0,0
744,1371.0,0
745,1372.0,3
746,1376.0,4
747,1378.0,4
748,1384.0,3
749,1385.0,0
750,1386.0,0
751,1387.0,3
752,1388.0,3
753,1390.0,3
754,1391.0,3
755,1394.0,4
756,1395.0,0
757,1397.0,4
758,1401.0,3
759,1403.0,3
760,1404.0,0
761,1405.0,0
762,1408.0,0
763,1410.0,0
764,1411.0,0
765,1412.0,0
766,1415.0,5
767,1416.0,3
768,1420.0,2
769,1421.0,3
770,1422.0,0
771,1425.0,3
772,1426.0,3
773,1429.0,3
774,1430.0,3
775,1431.0,5
776,1432.0,0
777,1433.0,0
778,1440.0,3
779,1441.0,0
780,1448.0,0
781,1449.0,0
782,1454.0,0
783,1455.0,3
784,1456.0,4
785,1458.0,4
786,1463.0,5
787,1466.0,3
788,1467.0,5
789,1468.0,3
790,1471.0,4
791,1476.0,4
792,1477.0,0
793,1478.0,0
794,1479.0,0
795,1482.0,3
796,1483.0,3
797,1484.0,1
798,1485.0,1
799,1487.0,4
800,1488.0,0
801,1494.0,3
802,1495.0,3
803,1496.0,0
804,1499.0,3
805,1500.0,3
806,1501.0,0
807,1503.0,5
808,1504.0,1
809,1507.0,4
810,1511.0,0
811,1512.0,4
812,1513.0,0
813,1515.0,3
814,1516.0,3
815,1517.0,1
816,1519.0,3
817,1520.0,3
818,1521.0,5
819,1522.0,4
820,1524.0,3
821,1525.0,5
822,1527.0,0
823,1528.0,5
824,1529.0,3
825,1529.0,4
826,1530.0,4
827,1532.0,4
828,1537.0,1
829,1538.0,1
830,1539.0,5
831,1544.0,3
832,1546.0,0
833,1551.0,5
834,1553.0,5
835,1554.0,0
836,1556.0,4
837,1557.0,0
838,1558.0,5
839,1559.0,1
840,1560.0,0
841,1561.0,2
842,1562.0,0
843,1566.0,0
844,1570.0,3
845,1571.0,0
846,1572.0,3
847,1578.0,3
848,1580.0,3
849,1581.0,5
850,1582.0,3
851,1583.0,3
852,1586.0,5
853,1587.0,4
854,1589.0,3
855,1593.0,4
856,1603.0,0
857,1604.0,5
858,1609.0,1
859,1612.0,5
860,1613.0,0
861,1615.0,4
862,1617.0,3
863,1622.0,2
864,1625.0,0
865,1626.0,0
866,1627.0,3
867,1628.0,5
868,1630.0,1
869,1633.0,0
870,1634.0,3
871,1636.0,3
872,1640.0,2
873,1641.0,3
874,1642.0,3
875,1643.0,5
876,1650.0,4
877,1652.0,0
878,1653.0,4
879,1654.0,0
880,1656.0,5
881,1657.0,3
882,1659.0,5
883,1661.0,0
884,1662.0,4
885,1664.0,5
886,1665.0,0
887,1667.0,3
888,1668.0,4
889,1670.0,0
890,1672.0,5
891,1675.0,4
892,1676.0,5
893,1677.0,3
894,1678.0,4
895,1683.0,0
896,1684.0,0
897,1686.0,3
898,1687.0,2
899,1688.0,4
900,1689.0,4
901,1692.0,1
902,1693.0,0
903,1694.0,0
904,1695.0,0
905,1696.0,3
906,1703.0,3
907,1704.0,4
908,1705.0,5
909,1706.0,0
910,1707.0,3
911,1708.0,3
912,1709.0,2
913,1711.0,4
914,1712.0,4
915,1717.0,4
916,1718.0,4
917,1719.0,3
918,1721.0,3
919,1727.0,3
920,1729.0,3
921,1732.0,3
922,1733.0,4
923,1734.0,4
924,1735.0,4
925,1736.0,4
926,1737.0,2
927,1738.0,4
928,1742.0,0
929,1745.0,3
930,1746.0,3
931,1748.0,0
932,1751.0,2
933,1752.0,5
934,1759.0,0
935,1765.0,0
936,1766.0,4
937,1768.0,2
938,1769.0,0
939,1770.0,0
940,1771.0,5
941,1772.0,0
942,1777.0,3
943,1778.0,0
944,1780.0,3
945,1781.0,3
946,1782.0,0
947,1783.0,5
948,1784.0,4
949,1785.0,0
950,1786.0,4
951,1788.0,4
952,1789.0,1
953,1790.0,5
954,1794.0,1
955,1797.0,4
956,1799.0,3
957,1800.0,5
958,1803.0,3
959,1805.0,0
960,1806.0,3
961,1807.0,5
962,1808.0,4
963,1809.0,3
964,1810.0,3
965,1811.0,4
966,1815.0,1
967,1817.0,3
968,1818.0,2
969,1820.0,0
970,1821.0,3
971,1823.0,3
972,1824.0,3
973,1826.0,1
974,1827.0,0
975,1829.0,0
976,1831.0,3
977,1833.0,5
978,1835.0,3
979,1837.0,0
980,1838.0,4
981,1839.0,5
982,1840.0,4
983,1841.0,4
984,1843.0,0
985,1844.0,4
986,1846.0,3
987,1847.0,4
988,1849.0,4
989,1851.0,0
990,1853.0,3
991,1854.0,1
992,1856.0,0
993,1857.0,4
994,1861.0,3
995,1863.0,0
996,1864.0,3
997,1867.0,0
998,1872.0,5
999,1873.0,5
1000,1878.0,0
1001,1879.0,0
1002,1881.0,4
1003,1882.0,0
1004,1883.0,5
1005,1884.0,5
1006,1887.0,3
1007,1889.0,4
1008,1892.0,0
1009,1893.0,0
1010,1894.0,0
1011,1897.0,0
1012,1898.0,0
1013,1899.0,3
1014,1902.0,4
1015,1903.0,4
1016,1905.0,4
1017,1906.0,0
1018,1909.0,2
1019,1910.0,5
1020,1911.0,3
1021,1912.0,3
1022,1915.0,0
1023,1916.0,4
1024,1917.0,3
1025,1919.0,3
1026,1921.0,4
1027,1923.0,3
1028,1924.0,5
1029,1925.0,5
1030,1929.0,0
1031,1930.0,0
1032,1932.0,3
1033,1933.0,4
1034,1935.0,5
1035,1936.0,4
1036,1937.0,3
1037,1938.0,4
1038,1939.0,5
1039,1941.0,0
1040,1947.0,2
1041,1948.0,3
1042,1949.0,3
1043,1953.0,4
1044,1954.0,4
1045,1955.0,4
1046,1957.0,0
1047,1959.0,3
1048,1960.0,0
1049,1961.0,3
1050,1961.0,4
1051,1963.0,4
1052,1964.0,3
1053,1966.0,0
1054,1968.0,0
1055,1970.0,3
1056,1971.0,3
1057,1972.0,4
1058,1974.0,3
1059,1975.0,0
1060,1978.0,0
1061,1979.0,0
1062,1982.0,5
1063,1983.0,0
1064,1984.0,5
1065,1985.0,5
1066,1988.0,0
1067,1989.0,0
1068,1992.0,3
1069,1994.0,0
1070,1996.0,4
1071,1997.0,0
1072,2000.0,5
1073,2001.0,3
1074,2002.0,3
1075,2003.0,0
1076,2009.0,0
1077,2010.0,0
1078,2011.0,3
1079,2013.0,0
1080,2015.0,3
1081,2019.0,3
1082,2020.0,3
1083,2025.0,4
1084,2027.0,0
1085,2030.0,0
1086,2031.0,0
1087,2032.0,0
1088,2034.0,0
1089,2037.0,4
1090,2039.0,3
1091,2042.0,5
1092,2043.0,3
1093,2044.0,3
1094,2046.0,3
1095,2050.0,4
1096,2052.0,4
1097,2053.0,4
1098,2057.0,4
1099,2058.0,3
1100,2063.0,3
1101,2064.0,3
1102,2065.0,0
1103,2068.0,0
1104,2075.0,3
1105,2088.0,3
1106,2089.0,1
1107,2090.0,0
1108,2091.0,0
1109,2092.0,4
1110,2095.0,0
1111,2096.0,0
1112,2100.0,5
1113,2104.0,0
1114,2106.0,3
1115,2107.0,0
1116,2109.0,1
1117,2110.0,5
1118,2112.0,3
1119,2116.0,4
1120,2118.0,5
1121,2119.0,5
1122,2120.0,2
1123,2121.0,4
1124,2122.0,3
1125,2123.0,3
1126,2124.0,3
1127,2125.0,0
1128,2126.0,4
1129,2127.0,5
1130,2130.0,0
1131,2131.0,3
1132,2134.0,3
1133,2136.0,4
1134,2140.0,3
1135,2143.0,0
1136,2145.0,4
1137,2147.0,1
1138,2149.0,0
1139,2153.0,5
1140,2154.0,4
1141,2155.0,3
1142,2156.0,4
1143,2158.0,4
1144,2159.0,0
1145,2160.0,4
1146,2161.0,4
1147,2164.0,4
1148,2165.0,5
1149,2169.0,4
1150,2171.0,3
1151,2173.0,4
1152,2176.0,1
1153,2177.0,5
1154,2178.0,4
1155,2179.0,3
1156,2183.0,5
1157,2184.0,0
1158,2185.0,0
1159,2186.0,3
1160,2187.0,0
1161,2188.0,3
1162,2189.0,3
1163,2192.0,5
1164,2198.0,2
1165,2199.0,2
1166,2203.0,0
1167,2207.0,0
1168,2208.0,4
1169,2213.0,1
1170,2215.0,4
1171,2216.0,3
1172,2220.0,4
1173,2228.0,3
1174,2229.0,3
1175,2230.0,0
1176,2231.0,0
1177,2234.0,5
1178,2235.0,0
1179,2236.0,0
1180,2242.0,4
1181,2242.0,3
1182,2245.0,4
1183,2252.0,3
1184,2255.0,5
1185,2256.0,0
1186,2258.0,3
1187,2260.0,0
1188,2261.0,0
1189,2263.0,3
1190,2264.0,0
1191,2268.0,5
1192,2272.0,4
1193,2277.0,5
1194,2279.0,3
1195,2280.0,4
1196,2283.0,0
1197,2284.0,0
1198,2285.0,4
1199,2286.0,0
1200,2287.0,4
1201,2288.0,4
1202,2290.0,5
1203,2291.0,3
1204,2303.0,0
1205,2304.0,0
1206,2306.0,4
1207,2309.0,4
1208,2313.0,0
1209,2343.0,4
1210,2347.0,3
1211,2347.0,4
1212,2353.0,0
1213,2356.0,0
1214,2357.0,0
1215,2363.0,4
1216,2367.0,4
1217,2369.0,3
1218,2374.0,1
1219,2376.0,4
1220,2377.0,4
1221,2382.0,1
1222,2383.0,3
1223,2390.0,3
1224,2395.0,3
1225,2397.0,3
1226,2398.0,5
1227,2399.0,3
1228,2399.0,4
1229,2400.0,4
1230,2400.0,3
1231,2401.0,0
1232,2405.0,5
1233,2408.0,4
1234,2409.0,0
1235,2410.0,3
1236,2411.0,3
1237,2412.0,3
1238,2415.0,3
1239,2417.0,0
1240,2418.0,4
1241,2425.0,5
1242,2431.0,0
1243,2433.0,3
1244,2434.0,1
1245,2439.0,4
1246,2440.0,5
1247,2445.0,0
1248,2450.0,4
1249,2451.0,4
1250,2452.0,3
1251,2455.0,4
1252,2458.0,4
1253,2467.0,3
1254,2468.0,4
1255,2472.0,5
1256,2477.0,0
1257,2478.0,4
1258,2484.0,3
1259,2486.0,3
1260,2488.0,3
1261,2489.0,2
1262,2493.0,5
1263,2494.0,3
1264,2496.0,4
1265,2497.0,5
1266,2499.0,4
1267,2502.0,0
1268,2503.0,0
1269,2505.0,0
1270,2511.0,5
1271,2513.0,4
1272,2513.0,3
1273,2515.0,0
1274,2519.0,3
1275,2520.0,3
1276,2523.0,3
1277,2523.0,4
1278,2525.0,5
1279,2526.0,0
1280,2531.0,5
1281,2532.0,5
1282,2543.0,2
1283,2544.0,3
1284,2545.0,1
1285,2549.0,3
1286,2555.0,3
1287,2557.0,0
1288,2558.0,0
1289,2561.0,4
1290,2565.0,4
1291,2566.0,3
1292,2570.0,0
1293,2572.0,3
1294,2572.0,4
1295,2577.0,0
1296,2578.0,4
1297,2579.0,5
1298,2581.0,4
1299,2582.0,5
1300,2583.0,0
1301,2584.0,0
1302,2589.0,0
1303,2592.0,0
1304,2593.0,0
1305,2596.0,3
1306,2602.0,1
1307,2603.0,3
1308,2610.0,4
1309,2611.0,4
1310,2617.0,4
1311,2620.0,0
1312,2621.0,0
1313,2622.0,0
1314,2625.0,4
1315,2627.0,3
1316,2629.0,0
1317,2632.0,0
1318,2636.0,3
1319,2637.0,3
1320,2638.0,4
1321,2639.0,5
1322,2640.0,0
1323,2644.0,4
1324,2645.0,0
1325,2648.0,1
1326,2650.0,4
1327,2651.0,4
1328,2653.0,1
1329,2658.0,3
1330,2662.0,0
1331,2663.0,5
1332,2665.0,3
1333,2669.0,0
1334,2670.0,4
1335,2672.0,4
1336,2674.0,0
1337,2676.0,4
1338,2677.0,0
1339,2678.0,0
1340,2680.0,3
1341,2680.0,4
1342,2685.0,5
1343,2687.0,3
1344,2692.0,3
1345,2694.0,3
1346,2697.0,1
1347,2699.0,3
1348,2701.0,0
1349,2709.0,4
1350,2710.0,4
1351,2713.0,1
1352,2714.0,5
1353,2715.0,5
1354,2718.0,3
1355,2718.0,4
1356,2719.0,3
1357,2721.0,2
1358,2723.0,5
1359,2726.0,4
1360,2729.0,3
1361,2731.0,5
1362,2734.0,5
1363,2735.0,0
1364,2737.0,5
1365,2741.0,5
1366,2744.0,5
1367,2747.0,3
1368,2748.0,0
1369,2749.0,3
1370,2757.0,0
1371,2760.0,5
1372,2767.0,4
1373,2769.0,2
1374,2770.0,0
1375,2773.0,4
1376,2774.0,4
1377,2787.0,5
1378,2788.0,5
1379,2790.0,4
1380,2793.0,0
1381,2794.0,5
1382,2795.0,3
1383,2796.0,3
1384,2797.0,3
1385,2798.0,3
1386,2808.0,4
1387,2809.0,4
1388,2810.0,4
1389,2812.0,4
1390,2812.0,3
1391,2816.0,3
1392,2818.0,0
1393,2819.0,0
1394,2821.0,3
1395,2822.0,4
1396,2823.0,0
1397,2824.0,1
1398,2834.0,2
1399,2835.0,3
1400,2837.0,0
1401,2839.0,5
1402,2843.0,3
1403,2845.0,3
1404,2846.0,3
1405,2847.0,3
1406,2851.0,0
1407,2858.0,5
1408,2861.0,3
1409,2864.0,1
1410,2865.0,5
1411,2867.0,1
1412,2868.0,3
1413,2868.0,4
1414,2870.0,3
1415,2871.0,4
1416,2873.0,3
1417,2874.0,5
1418,2875.0,4
1419,2876.0,4
1420,2882.0,4
1421,2884.0,3
1422,2892.0,3
1423,2899.0,0
1424,2900.0,1
1425,2903.0,4
1426,2904.0,4
1427,2905.0,0
1428,2919.0,4
1429,2920.0,4
1430,2923.0,4
1431,2926.0,5
1432,2933.0,4
1433,2936.0,4
1434,2942.0,5
1435,2943.0,3
1436,2945.0,0
1437,2947.0,5
1438,2948.0,3
1439,2948.0,4
1440,2949.0,5
1441,2950.0,5
1442,2954.0,0
1443,2957.0,5
1444,2958.0,3
1445,2960.0,0
1446,2961.0,4
1447,2962.0,0
1448,2963.0,0
1449,2964.0,0
1450,2967.0,5
1451,2968.0,3
1452,2969.0,4
1453,2970.0,4
1454,2971.0,4
1455,2972.0,3
1456,2974.0,4
1457,2980.0,5
1458,2981.0,1
1459,2982.0,0
1460,2984.0,5
1461,2985.0,4
1462,2986.0,4
1463,2989.0,5
1464,2990.0,4
1465,2991.0,0
1466,2996.0,0
1467,2997.0,3
1468,2998.0,3
1469,3000.0,4
1470,3001.0,0
1471,3006.0,0
1472,3008.0,4
1473,3009.0,0
1474,3011.0,3
1475,3014.0,1
1476,3015.0,1
1477,3018.0,5
1478,3020.0,3
1479,3022.0,0
1480,3023.0,0
1481,3024.0,0
1482,3025.0,0
1483,3028.0,4
1484,3031.0,3
1485,3032.0,4
1486,3033.0,3
1487,3034.0,4
1488,3036.0,2
1489,3038.0,1
1490,3041.0,0
1491,3043.0,0
1492,3051.0,4
1493,3063.0,0
1494,3064.0,1
1495,3065.0,4
1496,3070.0,5
1497,3071.0,1
1498,3073.0,3
1499,3075.0,4
1500,3076.0,0
1501,3077.0,3
1502,3078.0,5
1503,3080.0,4
1504,3083.0,1
1505,3086.0,3
1506,3088.0,0
1507,3096.0,0
1508,3104.0,3
1509,3116.0,4
1510,3120.0,5
1511,3121.0,3
1512,3122.0,3
1513,3123.0,4
1514,3133.0,1
1515,3135.0,5
1516,3137.0,0
1517,3139.0,5
1518,3144.0,0
1519,3147.0,4
1520,3148.0,4
1521,3160.0,0
1522,3163.0,3
1523,3169.0,4
1524,3170.0,3
1525,3172.0,5
1526,3173.0,4
1527,3174.0,4
1528,3175.0,3
1529,3178.0,4
1530,3179.0,4
1531,3188.0,3
1532,3191.0,4
1533,3194.0,4
1534,3196.0,4
1535,3197.0,4
1536,3198.0,3
1537,3199.0,0
1538,3201.0,3
1539,3204.0,2
1540,3208.0,0
1541,3209.0,4
1542,3209.0,3
1543,3211.0,4
1544,3212.0,0
1545,3222.0,4
1546,3225.0,4
1547,3231.0,4
1548,3234.0,1
1549,3242.0,3
1550,3245.0,3
1551,3246.0,3
1552,3247.0,3
1553,3249.0,1
1554,3254.0,4
1555,3255.0,4
1556,3255.0,3
1557,3261.0,4
1558,3265.0,5
1559,3266.0,5
1560,3269.0,0
1561,3275.0,3
1562,3276.0,5
1563,3277.0,4
1564,3278.0,4
1565,3280.0,4
1566,3281.0,0
1567,3285.0,5
1568,3286.0,4
1569,3288.0,5
1570,3289.0,5
1571,3290.0,2
1572,3292.0,4
1573,3295.0,0
1574,3298.0,0
1575,3299.0,4
1576,3301.0,4
1577,3302.0,1
1578,3303.0,4
1579,3304.0,0
1580,3305.0,4
1581,3313.0,3
1582,3321.0,0
1583,3325.0,4
1584,3334.0,3
1585,3336.0,3
1586,3341.0,0
1587,3342.0,4
1588,3344.0,0
1589,3345.0,0
1590,3347.0,4
1591,3349.0,4
1592,3351.0,0
1593,3359.0,0
1594,3360.0,3
1595,3363.0,3
1596,3364.0,4
1597,3368.0,3
1598,3369.0,0
1599,3374.0,4
1600,3375.0,3
1601,3376.0,3
1602,3377.0,0
1603,3380.0,5
1604,3382.0,4
1605,3386.0,3
1606,3387.0,1
1607,3389.0,5
1608,3390.0,3
1609,3392.0,5
1610,3393.0,4
1611,3396.0,0
1612,3403.0,3
1613,3407.0,3
1614,3409.0,0
1615,3411.0,3
1616,3416.0,4
1617,3421.0,4
1618,3428.0,1
1619,3430.0,3
1620,3430.0,4
1621,3431.0,4
1622,3432.0,3
1623,3437.0,1
1624,3440.0,4
1625,3442.0,5
1626,3444.0,4
1627,3445.0,0
1628,3447.0,1
1629,3450.0,0
1630,3452.0,3
1631,3455.0,3
1632,3456.0,0
1633,3458.0,4
1634,3460.0,0
1635,3464.0,0
1636,3471.0,4
1637,3477.0,4
1638,3478.0,4
1639,3482.0,0
1640,3485.0,4
1641,3485.0,3
1642,3489.0,4
1643,3491.0,0
1644,3496.0,0
1645,3502.0,3
1646,3504.0,1
1647,3505.0,3
1648,3512.0,4
1649,3513.0,4
1650,3521.0,4
1651,3522.0,4
1652,3526.0,4
1653,3528.0,0
1654,3531.0,5
1655,3538.0,0
1656,3542.0,3
1657,3543.0,4
1658,3544.0,4
1659,3547.0,1
1660,3553.0,5
1661,3554.0,4
1662,3555.0,4
1663,3557.0,5
1664,3558.0,3
1665,3559.0,3
1666,3561.0,4
1667,3562.0,4
1668,3563.0,3
1669,3567.0,4
1670,3569.0,0
1671,3577.0,4
1672,3578.0,4
1673,3579.0,4
1674,3580.0,0
1675,3584.0,1
1676,3586.0,1
1677,3595.0,0
1678,3596.0,5
1679,3597.0,5
1680,3602.0,1
1681,3607.0,0
1682,3611.0,3
1683,3617.0,5
1684,3618.0,0
1685,3621.0,4
1686,3624.0,4
1687,3628.0,0
1688,3630.0,4
1689,3631.0,4
1690,3632.0,5
1691,3633.0,0
1692,3636.0,0
1693,3641.0,5
1694,3643.0,0
1695,3644.0,0
1696,3646.0,3
1697,3648.0,4
1698,3649.0,0
1699,3657.0,3
1700,3659.0,0
1701,3663.0,4
1702,3670.0,4
1703,3679.0,4
1704,3680.0,4
1705,3682.0,3
1706,3687.0,3
1707,3688.0,1
1708,3695.0,1
1709,3697.0,0
1710,3698.0,3
1711,3700.0,4
1712,3703.0,0
1713,3706.0,0
1714,3707.0,0
1715,3719.0,0
1716,3722.0,5
1717,3723.0,4
1718,3724.0,4
1719,3725.0,5
1720,3726.0,0
1721,3727.0,3
1722,3730.0,0
1723,3733.0,3
1724,3738.0,4
1725,3739.0,3
1726,3740.0,1
1727,3741.0,5
1728,3742.0,4
1729,3744.0,5
1730,3749.0,4
1731,3749.0,3
1732,3751.0,0
1733,3757.0,0
1734,3760.0,4
1735,3764.0,5
1736,3766.0,1
1737,3767.0,4
1738,3770.0,0
1739,3774.0,1
1740,3775.0,2
1741,3776.0,3
1742,3778.0,3
1743,3780.0,3
1744,3782.0,0
1745,3783.0,0
1746,3784.0,5
1747,3786.0,4
1748,3788.0,5
1749,3789.0,4
1750,3790.0,2
1751,3791.0,3
1752,3793.0,0
1753,3796.0,3
1754,3802.0,0
1755,3805.0,4
1756,3806.0,4
1757,3809.0,0
1758,3811.0,3
1759,3817.0,0
1760,3819.0,1
1761,3821.0,1
1762,3824.0,3
1763,3826.0,5
1764,3828.0,1
1765,3829.0,4
1766,3834.0,3
1767,3835.0,3
1768,3838.0,3
1769,3839.0,4
1770,3845.0,2
1771,3846.0,4
1772,3847.0,0
1773,3848.0,1
1774,3850.0,3
1775,3851.0,4
1776,3852.0,5
1777,3855.0,0
1778,3856.0,4
1779,3861.0,3
1780,3863.0,3
1781,3869.0,0
1782,3870.0,5
1783,3873.0,3
1784,3874.0,4
1785,3877.0,4
1786,3879.0,0
1787,3880.0,3
1788,3881.0,3
1789,3883.0,5
1790,3888.0,3
1791,3892.0,5
1792,3896.0,4
1793,3904.0,4
1794,3906.0,3
1795,3907.0,4
1796,3911.0,4
1797,3911.0,3
1798,3913.0,0
1799,3915.0,5
1800,3916.0,0
1801,3917.0,3
1802,3919.0,5
1803,3920.0,5
1804,3921.0,5
1805,3924.0,3
1806,3924.0,4
1807,3930.0,0
1808,3941.0,5
1809,3942.0,3
1810,3943.0,4
1811,3945.0,3
1812,3951.0,5
1813,3969.0,4
1814,3976.0,0
1815,3983.0,2
1816,3985.0,5
1817,3994.0,0
1818,3995.0,0
1819,3997.0,4
1820,3998.0,5
1821,4001.0,1
1822,4002.0,0
1823,4003.0,1
1824,4012.0,3
1825,4012.0,4
1826,4014.0,4
1827,4017.0,1
1828,4019.0,2
1829,4020.0,4
1830,4021.0,4
1831,4023.0,3
1832,4024.0,3
1833,4035.0,0
1834,4037.0,4
1835,4038.0,1
1836,4046.0,4
1837,4048.0,1
1838,4053.0,1
1839,4055.0,3
1840,4058.0,4
1841,4060.0,3
1842,4062.0,0
1843,4064.0,4
1844,4064.0,3
1845,4065.0,3
1846,4078.0,4
1847,4079.0,4
1848,4080.0,0
1849,4081.0,5
1850,4085.0,5
1851,4086.0,4
1852,4089.0,2
1853,4090.0,1
1854,4095.0,0
1855,4097.0,1
1856,4103.0,5
1857,4104.0,5
1858,4107.0,5
1859,4110.0,3
1860,4113.0,3
1861,4115.0,5
1862,4116.0,0
1863,4117.0,0
1864,4122.0,0
1865,4125.0,3
1866,4126.0,0
1867,4127.0,4
1868,4139.0,3
1869,4143.0,3
1870,4144.0,4
1871,4146.0,3
1872,4147.0,3
1873,4148.0,3
1874,4149.0,3
1875,4152.0,0
1876,4155.0,3
1877,4156.0,3
1878,4160.0,1
1879,4166.0,5
1880,4167.0,0
1881,4172.0,4
1882,4173.0,4
1883,4176.0,5
1884,4199.0,5
1885,4204.0,4
1886,4210.0,4
1887,4211.0,4
1888,4216.0,5
1889,4218.0,3
1890,4220.0,0
1891,4224.0,3
1892,4232.0,4
1893,4234.0,5
1894,4235.0,5
1895,4238.0,3
1896,4240.0,1
1897,4241.0,1
1898,4242.0,3
1899,4248.0,0
1900,4249.0,0
1901,4250.0,4
1902,4252.0,5
1903,4253.0,5
1904,4254.0,4
1905,4259.0,3
1906,4265.0,4
1907,4270.0,0
1908,4271.0,4
1909,4275.0,0
1910,4276.0,0
1911,4279.0,3
1912,4281.0,0
1913,4285.0,4
1914,4286.0,3
1915,4286.0,4
1916,4288.0,4
1917,4290.0,5
1918,4293.0,4
1919,4295.0,5
1920,4298.0,4
1921,4299.0,5
1922,4310.0,3
1923,4314.0,3
1924,4316.0,1
1925,4317.0,5
1926,4321.0,1
1927,4322.0,3
1928,4324.0,1
1929,4326.0,4
1930,4328.0,0
1931,4331.0,5
1932,4336.0,0
1933,4342.0,1
1934,4345.0,3
1935,4350.0,4
1936,4351.0,3
1937,4354.0,3
1938,4356.0,3
1939,4358.0,0
1940,4363.0,4
1941,4367.0,5
1942,4369.0,5
1943,4370.0,4
1944,4383.0,4
1945,4386.0,1
1946,4390.0,3
1947,4398.0,3
1948,4400.0,0
1949,4403.0,0
1950,4407.0,3
1951,4409.0,1
1952,4420.0,3
1953,4423.0,0
1954,4429.0,5
1955,4431.0,4
1956,4433.0,3
1957,4438.0,3
1958,4441.0,3
1959,4447.0,0
1960,4451.0,4
1961,4452.0,0
1962,4453.0,0
1963,4454.0,3
1964,4457.0,0
1965,4458.0,3
1966,4460.0,5
1967,4462.0,5
1968,4465.0,3
1969,4468.0,3
1970,4471.0,5
1971,4472.0,5
1972,4475.0,0
1973,4476.0,3
1974,4477.0,3
1975,4479.0,2
1976,4483.0,0
1977,4485.0,4
1978,4488.0,5
1979,4490.0,3
1980,4491.0,0
1981,4492.0,4
1982,4495.0,0
1983,4499.0,3
1984,4500.0,4
1985,4513.0,4
1986,4516.0,4
1987,4517.0,5
1988,4519.0,3
1989,4523.0,2
1990,4525.0,4
1991,4528.0,0
1992,4529.0,5
1993,4531.0,3
1994,4534.0,4
1995,4541.0,0
1996,4542.0,3
1997,4543.0,1
1998,4548.0,5
1999,4552.0,5
2000,4559.0,4
2001,4565.0,3
2002,4568.0,0
2003,4572.0,4
2004,4577.0,0
2005,4580.0,5
2006,4583.0,3
2007,4585.0,4
2008,4593.0,3
2009,4596.0,5
2010,4603.0,1
2011,4604.0,0
2012,4606.0,0
2013,4609.0,4
2014,4613.0,4
2015,4615.0,0
2016,4617.0,1
2017,4618.0,3
2018,4620.0,5
2019,4621.0,3
2020,4623.0,5
2021,4626.0,1
2022,4627.0,5
2023,4636.0,4
2024,4639.0,0
2025,4642.0,3
2026,4643.0,1
2027,4646.0,0
2028,4647.0,3
2029,4650.0,3
2030,4651.0,4
2031,4657.0,5
2032,4659.0,0
2033,4664.0,3
2034,4670.0,0
2035,4673.0,0
2036,4674.0,0
2037,4677.0,3
2038,4678.0,3
2039,4682.0,5
2040,4683.0,4
2041,4684.0,0
2042,4687.0,0
2043,4690.0,5
2044,4691.0,0
2045,4696.0,5
2046,4701.0,5
2047,4704.0,5
2048,4706.0,3
2049,4707.0,3
2050,4710.0,3
2051,4715.0,4
2052,4720.0,5
2053,4723.0,3
2054,4724.0,0
2055,4728.0,5
2056,4729.0,0
2057,4730.0,0
2058,4731.0,3
2059,4734.0,0
2060,4735.0,0
2061,4739.0,5
2062,4741.0,0
2063,4742.0,4
2064,4744.0,5
2065,4748.0,3
2066,4752.0,3
2067,4756.0,3
2068,4762.0,3
2069,4764.0,5
2070,4765.0,3
2071,4765.0,4
2072,4776.0,3
2073,4777.0,3
2074,4780.0,4
2075,4785.0,0
2076,4788.0,5
2077,4794.0,5
2078,4795.0,3
2079,4796.0,0
2080,4797.0,0
2081,4798.0,2
2082,4805.0,4
2083,4809.0,3
2084,4811.0,5
2085,4814.0,1
2086,4816.0,0
2087,4823.0,5
2088,4824.0,5
2089,4826.0,0
2090,4827.0,4
2091,4834.0,0
2092,4835.0,4
2093,4836.0,0
2094,4837.0,0
2095,4839.0,0
2096,4844.0,4
2097,4845.0,0
2098,4848.0,0
2099,4851.0,0
2100,4852.0,5
2101,4857.0,3
2102,4859.0,4
2103,4862.0,0
2104,4866.0,4
2105,4869.0,4
2106,4870.0,3
2107,4874.0,5
2108,4878.0,5
2109,4879.0,5
2110,4889.0,0
2111,4890.0,0
2112,4891.0,0
2113,4902.0,4
2114,4908.0,4
2115,4909.0,1
2116,4911.0,4
2117,4919.0,0
2118,4925.0,0
2119,4939.0,5
2120,4940.0,5
2121,4946.0,3
2122,4951.0,0
2123,4955.0,0
2124,4963.0,0
2125,4965.0,4
2126,4970.0,5
2127,4978.0,3
2128,4979.0,1
2129,4980.0,3
2130,4985.0,5
2131,4987.0,4
2132,4991.0,5
2133,4999.0,5
2134,5004.0,5
2135,5008.0,5
2136,5014.0,3
2137,5017.0,0
2138,5028.0,5
2139,5029.0,3
2140,5030.0,5
2141,5034.0,1
2142,5038.0,3
2143,5042.0,1
2144,5044.0,0
2145,5047.0,4
2146,5053.0,5
2147,5056.0,1
2148,5059.0,5
2149,5062.0,4
2150,5074.0,0
2151,5080.0,1
2152,5082.0,5
2153,5085.0,4
2154,5090.0,3
2155,5091.0,5
2156,5096.0,1
2157,5098.0,0
2158,5105.0,3
2159,5106.0,0
2160,5112.0,5
2161,5126.0,0
2162,5127.0,5
2163,5129.0,3
2164,5132.0,0
2165,5134.0,0
2166,5143.0,4
2167,5144.0,4
2168,5144.0,3
2169,5145.0,4
2170,5148.0,4
2171,5149.0,4
2172,5150.0,4
2173,5153.0,1
2174,5155.0,4
2175,5156.0,3
2176,5158.0,3
2177,5163.0,0
2178,5165.0,4
2179,5166.0,4
2180,5171.0,0
2181,5179.0,3
2182,5185.0,4
2183,5190.0,3
2184,5191.0,3
2185,5195.0,4
2186,5207.0,5
2187,5213.0,3
2188,5216.0,0
2189,5219.0,5
2190,5221.0,4
2191,5226.0,5
2192,5228.0,4
2193,5232.0,0
2194,5241.0,3
2195,5243.0,4
2196,5246.0,3
2197,5255.0,4
2198,5260.0,3
2199,5270.0,4
2200,5274.0,3
2201,5282.0,5
2202,5284.0,5
2203,5288.0,3
2204,5289.0,3
2205,5290.0,4
2206,5291.0,3
2207,5292.0,0
2208,5299.0,0
2209,5302.0,4
2210,5304.0,3
2211,5305.0,3
2212,5321.0,3
2213,5328.0,0
2214,5331.0,0
2215,5336.0,0
2216,5358.0,0
2217,5359.0,3
2218,5361.0,0
2219,5362.0,4
2220,5363.0,5
2221,5365.0,3
2222,5367.0,0
2223,5377.0,3
2224,5378.0,0
2225,5379.0,0
2226,5380.0,3
2227,5387.0,0
2228,5388.0,0
2229,5397.0,3
2230,5400.0,3
2231,5401.0,4
2232,5403.0,0
2233,5406.0,5
2234,5407.0,3
2235,5409.0,0
2236,5413.0,4
2237,5417.0,0
2238,5420.0,5
2239,5428.0,1
2240,5433.0,0
2241,5437.0,0
2242,5438.0,0
2243,5440.0,3
2244,5441.0,4
2245,5443.0,0
2246,5445.0,0
2247,5452.0,0
2248,5454.0,5
2249,5455.0,3
2250,5456.0,0
2251,5457.0,0
2252,5459.0,4
2253,5463.0,0
2254,5469.0,5
2255,5473.0,3
2256,5480.0,0
2257,5485.0,4
2258,5487.0,3
2259,5488.0,3
2260,5499.0,3
2261,5501.0,0
2262,5502.0,0
2263,5507.0,4
2264,5510.0,5
2265,5513.0,0
2266,5524.0,4
2267,5528.0,1
2268,5529.0,4
2269,5531.0,1
2270,5532.0,3
2271,5533.0,5
2272,5548.0,3
2273,5549.0,0
2274,5551.0,3
2275,5553.0,0
2276,5554.0,3
2277,5558.0,3
2278,5561.0,2
2279,5569.0,4
2280,5572.0,0
2281,5575.0,4
2282,5576.0,4
2283,5577.0,3
2284,5581.0,3
2285,5582.0,4
2286,5583.0,3
2287,5588.0,4
2288,5593.0,1
2289,5594.0,3
2290,5595.0,3
2291,5608.0,0
2292,5611.0,3
2293,5616.0,5
2294,5618.0,3
2295,5620.0,0
2296,5621.0,0
2297,5630.0,3
2298,5631.0,1
2299,5632.0,1
2300,5633.0,2
2301,5635.0,3
2302,5637.0,4
2303,5639.0,3
2304,5641.0,3
2305,5643.0,0
2306,5646.0,0
2307,5651.0,4
2308,5654.0,3
2309,5655.0,0
2310,5658.0,3
2311,5662.0,5
2312,5664.0,0
2313,5665.0,3
2314,5667.0,4
2315,5669.0,4
2316,5670.0,3
2317,5673.0,4
2318,5676.0,4
2319,5677.0,0
2320,5679.0,5
2321,5682.0,3
2322,5696.0,5
2323,5698.0,1
2324,5700.0,3
2325,5701.0,0
2326,5702.0,4
2327,5703.0,3
2328,5708.0,0
2329,5711.0,4
2330,5712.0,0
2331,5713.0,0
2332,5715.0,3
2333,5719.0,1
2334,5721.0,3
2335,5722.0,3
2336,5723.0,3
2337,5723.0,4
2338,5724.0,4
2339,5725.0,0
2340,5734.0,4
2341,5735.0,3
2342,5738.0,4
2343,5739.0,1
2344,5744.0,4
2345,5746.0,3
2346,5748.0,0
2347,5753.0,3
2348,5754.0,3
2349,5755.0,3
2350,5761.0,1
2351,5767.0,1
2352,5769.0,5
2353,5773.0,2
2354,5774.0,2
2355,5775.0,5
2356,5776.0,5
2357,5777.0,4
2358,5782.0,0
2359,5783.0,0
2360,5784.0,4
2361,5787.0,3
2362,5788.0,0
2363,5790.0,3
2364,5791.0,5
2365,5794.0,4
2366,5796.0,4
2367,5797.0,0
2368,5798.0,0
2369,5803.0,4
2370,5809.0,0
2371,5813.0,4
2372,5814.0,2
2373,5817.0,0
2374,5819.0,0
2375,5823.0,4
2376,5823.0,3
2377,5824.0,2
2378,5827.0,3
2379,5832.0,4
2380,5837.0,3
2381,5841.0,1
2382,5843.0,0
2383,5844.0,4
2384,5846.0,4
2385,5847.0,3
2386,5853.0,3
2387,5854.0,4
2388,5857.0,0
2389,5864.0,4
2390,5865.0,1
2391,5871.0,0
2392,5878.0,0
2393,5883.0,0
2394,5884.0,3
2395,5898.0,5
2396,5904.0,3
2397,5905.0,3
2398,5908.0,3
2399,5916.0,0
2400,5917.0,4
2401,5925.0,3
2402,5926.0,0
2403,5927.0,0
2404,5928.0,0
2405,5930.0,0
2406,5931.0,3
2407,5933.0,4
2408,5938.0,4
2409,5939.0,4
2410,5942.0,4
2411,5945.0,4
2412,5946.0,4
2413,5953.0,4
2414,5958.0,4
2415,5959.0,5
2416,5960.0,4
2417,5961.0,0
2418,5966.0,4
2419,5967.0,4
2420,5970.0,3
2421,5973.0,0
2422,5975.0,4
2423,5976.0,3
2424,5984.0,0
2425,5985.0,1
2426,5986.0,5
2427,5987.0,5
2428,5990.0,3
2429,5991.0,4
2430,5997.0,3
2431,5999.0,4
2432,6000.0,0
2433,6001.0,4
2434,6010.0,3
2435,6011.0,0
2436,6012.0,0
2437,6015.0,5
2438,6016.0,4
2439,6025.0,3
2440,6029.0,4
2441,6031.0,4
2442,6034.0,4
2443,6034.0,3
2444,6035.0,0
2445,6036.0,2
2446,6040.0,0
2447,6048.0,0
2448,6049.0,0
2449,6053.0,0
2450,6054.0,0
2451,6055.0,4
2452,6059.0,4
2453,6068.0,5
2454,6069.0,3
2455,6073.0,0
2456,6074.0,3
2457,6094.0,5
2458,6108.0,3
2459,6111.0,1
2460,6113.0,0
2461,6121.0,0
2462,6126.0,4
2463,6127.0,5
2464,6136.0,3
2465,6137.0,0
2466,6141.0,4
2467,6146.0,4
2468,6150.0,3
2469,6151.0,3
2470,6153.0,2
2471,6159.0,5
2472,6163.0,4
2473,6165.0,0
2474,6166.0,0
2475,6168.0,4
2476,6170.0,1
2477,6171.0,4
2478,6177.0,0
2479,6178.0,0
2480,6183.0,5
2481,6184.0,1
2482,6189.0,3
2483,6194.0,5
2484,6196.0,4
2485,6199.0,4
2486,6200.0,0
2487,6205.0,5
2488,6210.0,2
2489,6214.0,4
2490,6215.0,4
2491,6216.0,0
2492,6218.0,4
2493,6220.0,0
2494,6221.0,0
2495,6223.0,4
2496,6228.0,1
2497,6236.0,4
2498,6237.0,0
2499,6240.0,0
2500,6247.0,0
2501,6249.0,3
2502,6251.0,5
2503,6252.0,0
2504,6263.0,1
2505,6268.0,1
2506,6271.0,4
2507,6280.0,4
2508,6281.0,5
2509,6286.0,4
2510,6288.0,5
2511,6293.0,4
2512,6295.0,0
2513,6302.0,0
2514,6303.0,3
2515,6304.0,2
2516,6305.0,4
2517,6306.0,4
2518,6307.0,4
2519,6309.0,3
2520,6314.0,5
2521,6315.0,5
2522,6318.0,0
2523,6319.0,0
2524,6328.0,0
2525,6330.0,4
2526,6331.0,0
2527,6333.0,0
2528,6345.0,0
2529,6349.0,4
2530,6352.0,4
2531,6357.0,3
2532,6359.0,0
2533,6360.0,4
2534,6364.0,0
2535,6375.0,0
2536,6380.0,0
2537,6381.0,3
2538,6383.0,3
2539,6387.0,0
2540,6396.0,1
2541,6397.0,3
2542,6398.0,0
2543,6402.0,5
2544,6403.0,1
2545,6404.0,4
2546,6411.0,3
2547,6417.0,3
2548,6423.0,0
2549,6425.0,0
2550,6428.0,1
2551,6431.0,3
2552,6437.0,4
2553,6439.0,3
2554,6443.0,4
2555,6444.0,0
2556,6448.0,3
2557,6455.0,4
2558,6459.0,4
2559,6463.0,3
2560,6463.0,4
2561,6465.0,3
2562,6467.0,5
2563,6482.0,5
2564,6483.0,4
2565,6492.0,3
2566,6496.0,3
2567,6497.0,4
2568,6507.0,3
2569,6507.0,4
2570,6509.0,3
2571,6510.0,4
2572,6513.0,3
2573,6521.0,0
2574,6529.0,3
2575,6530.0,4
2576,6531.0,5
2577,6544.0,3
2578,6549.0,0
2579,6550.0,0
2580,6551.0,3
2581,6553.0,3
2582,6564.0,3
2583,6569.0,0
2584,6575.0,1
2585,6577.0,0
2586,6579.0,3
2587,6581.0,0
2588,6583.0,0
2589,6584.0,4
2590,6589.0,0
2591,6591.0,3
2592,6591.0,4
2593,6592.0,3
2594,6592.0,4
2595,6593.0,0
2596,6597.0,0
2597,6598.0,4
2598,6599.0,0
2599,6602.0,0
2600,6603.0,1
2601,6604.0,4
2602,6605.0,0
2603,6607.0,0
2604,6619.0,3
2605,6620.0,3
2606,6622.0,1
2607,6623.0,1
2608,6624.0,1
2609,6627.0,0
2610,6628.0,4
2611,6632.0,4
2612,6633.0,3
2613,6634.0,5
2614,6635.0,2
2615,6636.0,0
2616,6640.0,0
2617,6641.0,4
2618,6644.0,3
2619,6648.0,3
2620,6649.0,5
2621,6651.0,4
2622,6653.0,4
2623,6659.0,5
2624,6660.0,5
2625,6661.0,5
2626,6670.0,3
2627,6674.0,0
2628,6676.0,4
2629,6678.0,0
2630,6681.0,3
2631,6686.0,0
2632,6692.0,1
2633,6700.0,4
2634,6701.0,0
2635,6704.0,1
2636,6706.0,5
2637,6707.0,2
2638,6715.0,0
2639,6717.0,2
2640,6720.0,0
2641,6721.0,4
2642,6724.0,0
2643,6730.0,4
2644,6731.0,4
2645,6742.0,0
2646,6744.0,0
2647,6746.0,3
2648,6748.0,1
2649,6749.0,1
2650,6751.0,5
2651,6752.0,3
2652,6753.0,3
2653,6753.0,4
2654,6760.0,0
2655,6763.0,4
2656,6764.0,0
2657,6770.0,0
2658,6774.0,3
2659,6781.0,4
2660,6782.0,0
2661,6786.0,5
2662,6788.0,5
2663,6790.0,0
2664,6792.0,3
2665,6793.0,3
2666,6795.0,0
2667,6796.0,4
2668,6799.0,3
2669,6802.0,3
2670,6804.0,3
2671,6808.0,4
2672,6811.0,1
2673,6818.0,3
2674,6819.0,4
2675,6820.0,0
2676,6821.0,5
2677,6822.0,0
2678,6823.0,0
2679,6825.0,4
2680,6828.0,4
2681,6829.0,3
2682,6836.0,4
2683,6843.0,3
2684,6844.0,3
2685,6855.0,5
2686,6856.0,3
2687,6857.0,3
2688,6859.0,0
2689,6870.0,3
2690,6872.0,4
2691,6875.0,5
2692,6880.0,0
2693,6881.0,4
2694,6890.0,4
2695,6891.0,0
2696,6893.0,0
2697,6901.0,5
2698,6903.0,3
2699,6909.0,4
2700,6912.0,5
2701,6914.0,4
2702,6918.0,0
2703,6921.0,0
2704,6922.0,3
2705,6924.0,3
2706,6928.0,5
2707,6930.0,5
2708,6932.0,5
2709,6937.0,3
2710,6943.0,4
2711,6944.0,3
2712,6946.0,0
2713,6949.0,0
2714,6951.0,4
2715,6957.0,4
2716,6958.0,4
2717,6959.0,4
2718,6964.0,0
2719,6978.0,3
2720,6980.0,4
2721,6981.0,3
2722,6984.0,4
2723,6986.0,0
2724,6992.0,3
2725,6993.0,0
2726,6999.0,5
2727,7007.0,0
2728,7010.0,1
2729,7011.0,1
2730,7014.0,5
2731,7017.0,4
2732,7020.0,4
2733,7021.0,0
2734,7022.0,0
2735,7029.0,3
2736,7034.0,3
2737,7037.0,3
2738,7038.0,0
2739,7040.0,4
2740,7044.0,1
2741,7047.0,0
2742,7053.0,5
2743,7054.0,3
2744,7055.0,0
2745,7059.0,3
2746,7063.0,0
2747,7067.0,1
2748,7074.0,3
2749,7076.0,0
2750,7081.0,0
2751,7082.0,5
2752,7084.0,5
2753,7088.0,4
2754,7096.0,5
2755,7097.0,5
2756,7102.0,1
2757,7108.0,0
2758,7109.0,0
2759,7110.0,2
2760,7112.0,0
2761,7115.0,4
2762,7124.0,0
2763,7130.0,4
2764,7131.0,4
2765,7134.0,4
2766,7135.0,4
2767,7137.0,4
2768,7169.0,4
2769,7170.0,5
2770,7171.0,3
2771,7183.0,3
2772,7191.0,3
2773,7193.0,4
2774,7194.0,4
2775,7196.0,2
2776,7199.0,0
2777,7204.0,1
2778,7206.0,3
2779,7209.0,0
2780,7223.0,0
2781,7230.0,4
2782,7233.0,3
2783,7238.0,0
2784,7239.0,4
2785,7242.0,0
2786,7243.0,5
2787,7247.0,3
2788,7251.0,3
2789,7257.0,5
2790,7269.0,4
2791,7270.0,0
2792,7271.0,0
2793,7272.0,4
2794,7276.0,3
2795,7279.0,5
2796,7281.0,5
2797,7285.0,0
2798,7286.0,4
2799,7289.0,5
2800,7291.0,3
2801,7296.0,4
2802,7296.0,3
2803,7302.0,0
2804,7303.0,5
2805,7305.0,3
2806,7307.0,3
2807,7309.0,4
2808,7314.0,3
2809,7321.0,0
2810,7333.0,3
2811,7343.0,3
2812,7347.0,0
2813,7350.0,0
2814,7353.0,3
2815,7355.0,3
2816,7362.0,0
2817,7364.0,0
2818,7368.0,0
2819,7370.0,3
2820,7371.0,3
2821,7372.0,5
2822,7384.0,5
2823,7388.0,5
2824,7390.0,0
2825,7392.0,3
2826,7393.0,1
2827,7396.0,0
2828,7398.0,3
2829,7399.0,4
2830,7403.0,4
2831,7404.0,4
2832,7407.0,0
2833,7408.0,3
2834,7410.0,0
2835,7420.0,5
2836,7421.0,3
2837,7425.0,5
2838,7426.0,0
2839,7429.0,3
2840,7439.0,1
2841,7440.0,4
2842,7443.0,3
2843,7446.0,4
2844,7450.0,1
2845,7451.0,4
2846,7452.0,4
2847,7456.0,2
2848,7460.0,0
2849,7461.0,3
2850,7462.0,3
2851,7467.0,3
2852,7468.0,0
2853,7472.0,4
2854,7475.0,1
2855,7476.0,3
2856,7479.0,3
2857,7482.0,3
2858,7483.0,0
2859,7484.0,4
2860,7485.0,0
2861,7488.0,0
2862,7491.0,3
2863,7493.0,5
2864,7495.0,4
2865,7498.0,4
2866,7501.0,0
2867,7502.0,4
2868,7505.0,5
2869,7513.0,5
2870,7514.0,5
2871,7516.0,4
2872,7519.0,4
2873,7520.0,4
2874,7523.0,5
2875,7525.0,4
2876,7534.0,3
2877,7536.0,4
2878,7537.0,4
2879,7538.0,4
2880,7539.0,4
2881,7540.0,4
2882,7543.0,4
2883,7549.0,3
2884,7550.0,3
2885,7552.0,4
2886,7554.0,4
2887,7555.0,4
2888,7559.0,5
2889,7560.0,5
2890,7562.0,4
2891,7565.0,4
2892,7566.0,3
2893,7567.0,5
2894,7570.0,3
2895,7573.0,0
2896,7574.0,0
2897,7576.0,3
2898,7577.0,0
2899,7578.0,3
2900,7578.0,4
2901,7579.0,4
2902,7582.0,3
2903,7605.0,3
2904,7612.0,5
2905,7614.0,4
2906,7616.0,3
2907,7621.0,4
2908,7622.0,4
2909,7634.0,0
2910,7636.0,4
2911,7637.0,4
2912,7638.0,5
2913,7645.0,4
2914,7648.0,5
2915,7656.0,5
2916,7657.0,0
2917,7662.0,2
2918,7663.0,0
2919,7672.0,0
2920,7677.0,3
2921,7678.0,0
2922,7679.0,0
2923,7686.0,0
2924,7688.0,3
2925,7696.0,3
2926,7699.0,1
2927,7701.0,3
2928,7704.0,4
2929,7705.0,4
2930,7709.0,4
2931,7714.0,4
2932,7722.0,5
2933,7725.0,3
2934,7727.0,3
2935,7729.0,3
2936,7730.0,0
2937,7734.0,1
2938,7737.0,5
2939,7739.0,0
2940,7740.0,0
2941,7749.0,3
2942,7751.0,0
2943,7752.0,0
2944,7757.0,0
2945,7768.0,3
2946,7772.0,3
2947,7774.0,5
2948,7775.0,4
2949,7776.0,5
2950,7781.0,4
2951,7785.0,3
2952,7790.0,4
2953,7802.0,4
2954,7809.0,3
2955,7814.0,3
2956,7823.0,2
2957,7827.0,1
2958,7828.0,4
2959,7830.0,0
2960,7841.0,3
2961,7843.0,0
2962,7844.0,0
2963,7848.0,4
2964,7852.0,0
2965,7864.0,3
2966,7876.0,0
2967,7889.0,3
2968,7893.0,0
2969,7895.0,3
2970,7897.0,0
2971,7899.0,3
2972,7904.0,1
2973,7908.0,4
2974,7912.0,4
2975,7916.0,3
2976,7921.0,0
2977,7925.0,1
2978,7928.0,4
2979,7930.0,5
2980,7933.0,0
2981,7935.0,0
2982,7938.0,4
2983,7938.0,3
2984,7943.0,0
2985,7944.0,3
2986,7954.0,4
2987,7959.0,1
2988,7968.0,0
2989,7976.0,0
2990,7980.0,5
2991,7981.0,5
2992,7984.0,0
2993,7985.0,1
2994,7989.0,0
2995,7992.0,4
2996,7996.0,0
2997,8000.0,0
2998,8014.0,5
2999,8015.0,4
3000,8016.0,5
3001,8017.0,3
3002,8025.0,0
3003,8029.0,3
3004,8033.0,5
3005,8036.0,3
3006,8042.0,0
3007,8043.0,1
3008,8045.0,0
3009,8051.0,5
3010,8054.0,0
3011,8055.0,4
3012,8057.0,4
3013,8058.0,0
3014,8059.0,4
3015,8064.0,4
3016,8065.0,4
3017,8066.0,0
3018,8067.0,3
3019,8070.0,5
3020,8078.0,5
3021,8081.0,5
3022,8089.0,0
3023,8093.0,3
3024,8094.0,1
3025,8100.0,3
3026,8108.0,4
3027,8111.0,0
3028,8112.0,3
3029,8116.0,4
3030,8118.0,3
3031,8122.0,3
3032,8123.0,3
3033,8138.0,5
3034,8140.0,0
3035,8148.0,3
3036,8149.0,3
3037,8153.0,5
3038,8154.0,3
3039,8160.0,0
3040,8162.0,3
3041,8163.0,0
3042,8165.0,0
3043,8173.0,4
3044,8174.0,4
3045,8179.0,3
3046,8181.0,3
3047,8190.0,0
3048,8192.0,5
3049,8197.0,5
3050,8201.0,4
3051,8211.0,0
3052,8213.0,5
3053,8219.0,4
3054,8221.0,5
3055,8223.0,3
3056,8229.0,3
3057,8230.0,0
3058,8232.0,3
3059,8233.0,0
3060,8239.0,2
3061,8240.0,0
3062,8254.0,4
3063,8259.0,0
3064,8262.0,3
3065,8266.0,3
3066,8267.0,4
3067,8278.0,3
3068,8281.0,3
3069,8281.0,4
3070,8292.0,3
3071,8293.0,3
3072,8298.0,1
3073,8301.0,0
3074,8302.0,0
3075,8309.0,5
3076,8310.0,0
3077,8312.0,0
3078,8316.0,0
3079,8328.0,5
3080,8333.0,3
3081,8338.0,5
3082,8340.0,0
3083,8341.0,5
3084,8347.0,1
3085,8348.0,1
3086,8349.0,1
3087,8361.0,4
3088,8372.0,4
3089,8374.0,5
3090,8375.0,3
3091,8384.0,2
3092,8392.0,4
3093,8403.0,3
3094,8410.0,0
3095,8413.0,3
3096,8414.0,0
3097,8425.0,0
3098,8427.0,0
3099,8428.0,3
3100,8429.0,3
3101,8430.0,4
3102,8431.0,3
3103,8443.0,0
3104,8446.0,5
3105,8457.0,4
3106,8458.0,4
3107,8459.0,0
3108,8463.0,0
3109,8465.0,2
3110,8468.0,0
3111,8469.0,5
3112,8480.0,0
3113,8481.0,5
3114,8485.0,3
3115,8486.0,4
3116,8490.0,0
3117,8495.0,3
3118,8501.0,0
3119,8502.0,4
3120,8504.0,0
3121,8505.0,3
3122,8506.0,0
3123,8507.0,3
3124,8509.0,4
3125,8512.0,0
3126,8515.0,3
3127,8516.0,0
3128,8521.0,3
3129,8524.0,5
3130,8535.0,1
3131,8536.0,4
3132,8537.0,4
3133,8541.0,0
3134,8543.0,0
3135,8544.0,0
3136,8550.0,4
3137,8550.0,3
3138,8551.0,3
3139,8554.0,4
3140,8555.0,3
3141,8557.0,5
3142,8559.0,4
3143,8569.0,5
3144,8571.0,3
3145,8573.0,3
3146,8578.0,5
3147,8579.0,0
3148,8584.0,4
3149,8585.0,0
3150,8587.0,4
3151,8597.0,3
3152,8610.0,4
3153,8611.0,3
3154,8622.0,3
3155,8623.0,3
3156,8625.0,0
3157,8630.0,3
3158,8636.0,0
3159,8644.0,0
3160,8648.0,3
3161,8649.0,3
3162,8653.0,4
3163,8659.0,0
3164,8663.0,0
3165,8665.0,4
3166,8666.0,3
3167,8667.0,3
3168,8675.0,0
3169,8676.0,4
3170,8678.0,0
3171,8686.0,3
3172,8687.0,3
3173,8692.0,1
3174,8695.0,0
3175,8696.0,4
3176,8700.0,5
3177,8705.0,0
3178,8709.0,3
3179,8710.0,3
3180,8730.0,3
3181,8731.0,4
3182,8737.0,5
3183,8740.0,0
3184,8741.0,3
3185,8743.0,0
3186,8756.0,1
3187,8771.0,3
3188,8772.0,5
3189,8773.0,4
3190,8774.0,4
3191,8783.0,3
3192,8791.0,5
3193,8793.0,3
3194,8794.0,0
3195,8795.0,4
3196,8797.0,3
3197,8798.0,2
3198,8804.0,4
3199,8805.0,0
3200,8806.0,4
3201,8828.0,4
3202,8830.0,2
3203,8839.0,2
3204,8840.0,2
3205,8841.0,3
3206,8847.0,0
3207,8852.0,0
3208,8855.0,0
3209,8861.0,3
3210,8869.0,0
3211,8871.0,0
3212,8873.0,5
3213,8877.0,3
3214,8878.0,3
3215,8884.0,3
3216,8891.0,3
3217,8893.0,4
3218,8899.0,0
3219,8902.0,2
3220,8905.0,4
3221,8907.0,3
3222,8915.0,5
3223,8919.0,4
3224,8940.0,4
3225,8941.0,4
3226,8958.0,4
3227,8962.0,0
3228,8972.0,5
3229,8982.0,3
3230,8991.0,0
3231,8999.0,5
3232,9000.0,0
3233,9001.0,1
3234,9003.0,4
3235,9004.0,4
3236,9006.0,4
3237,9007.0,5
3238,9018.0,3
3239,9019.0,0
3240,9027.0,0
3241,9029.0,4
3242,9030.0,0
3243,9032.0,5
3244,9033.0,3
3245,9043.0,5
3246,9051.0,2
3247,9052.0,2
3248,9060.0,5
3249,9068.0,4
3250,9084.0,4
3251,9085.0,4
3252,9087.0,4
3253,9089.0,5
3254,9091.0,3
3255,9095.0,3
3256,9096.0,2
3257,9103.0,4
3258,9107.0,3
3259,9123.0,3
3260,9124.0,0
3261,9133.0,0
3262,9143.0,3
3263,9145.0,4
3264,9148.0,0
3265,9156.0,3
3266,9162.0,4
3267,9165.0,4
3268,9168.0,0
3269,9171.0,4
3270,9172.0,3
3271,9174.0,3
3272,9176.0,0
3273,9178.0,0
3274,9182.0,0
3275,9183.0,4
3276,9188.0,0
3277,9196.0,0
3278,9202.0,3
3279,9203.0,4
3280,9205.0,4
3281,9212.0,1
3282,9215.0,2
3283,9219.0,0
3284,9224.0,1
3285,9230.0,1
3286,9236.0,0
3287,9237.0,0
3288,9240.0,3
3289,9245.0,5
3290,9246.0,3
3291,9251.0,5
3292,9253.0,3
3293,9255.0,0
3294,9260.0,5
3295,9263.0,0
3296,9265.0,2
3297,9288.0,5
3298,9298.0,5
3299,9309.0,3
3300,9321.0,0
3301,9324.0,2
3302,9333.0,4
3303,9345.0,5
3304,9346.0,5
3305,9347.0,5
3306,9349.0,4
3307,9350.0,0
3308,9351.0,3
3309,9352.0,0
3310,9353.0,0
3311,9354.0,5
3312,9373.0,0
3313,9382.0,3
3314,9390.0,4
3315,9398.0,5
3316,9404.0,5
3317,9405.0,5
3318,9406.0,5
3319,9408.0,3
3320,9412.0,4
3321,9413.0,4
3322,9418.0,3
3323,9428.0,0
3324,9437.0,1
3325,9442.0,0
3326,9445.0,0
3327,9447.0,5
3328,9452.0,4
3329,9453.0,0
3330,9457.0,4
3331,9474.0,0
3332,9479.0,0
3333,9484.0,3
3334,9484.0,4
3335,9491.0,0
3336,9492.0,5
3337,9498.0,3
3338,9509.0,5
3339,9515.0,0
3340,9516.0,4
3341,9518.0,0
3342,9522.0,3
3343,9530.0,5
3344,9534.0,1
3345,9535.0,0
3346,9537.0,0
3347,9544.0,3
3348,9550.0,4
3349,9554.0,4
3350,9555.0,0
3351,9556.0,5
3352,9561.0,4
3353,9563.0,0
3354,9574.0,0
3355,9576.0,4
3356,9598.0,0
3357,9601.0,3
3358,9602.0,3
3359,9603.0,5
3360,9606.0,3
3361,9607.0,0
3362,9613.0,3
3363,9620.0,1
3364,9623.0,0
3365,9626.0,0
3366,9632.0,5
3367,9634.0,3
3368,9645.0,0
3369,9648.0,3
3370,9661.0,0
3371,9663.0,4
3372,9664.0,0
3373,9674.0,4
3374,9675.0,4
3375,9676.0,4
3376,9677.0,4
3377,9679.0,0
3378,9686.0,3
3379,9689.0,1
3380,9691.0,3
3381,9692.0,5
3382,9701.0,5
3383,9702.0,4
3384,9712.0,1
3385,9717.0,3
3386,9724.0,0
3387,9728.0,4
3388,9733.0,3
3389,9737.0,5
3390,9740.0,4
3391,9753.0,5
3392,9762.0,0
3393,9775.0,3
3394,9784.0,4
3395,9785.0,1
3396,9792.0,4
3397,9795.0,5
3398,9797.0,3
3399,9822.0,0
3400,9824.0,5
3401,9825.0,0
3402,9827.0,0
3403,9847.0,4
3404,9848.0,3
3405,9857.0,0
3406,9867.0,3
3407,9878.0,1
3408,9881.0,0
3409,9884.0,4
3410,9888.0,3
3411,9889.0,5
3412,9899.0,4
3413,9904.0,0
3414,9906.0,5
3415,9913.0,0
3416,9914.0,3
3417,9916.0,3
3418,9922.0,3
3419,9924.0,0
3420,9930.0,0
3421,9934.0,2
3422,9935.0,5
3423,9937.0,3
3424,9938.0,0
3425,9948.0,3
3426,9949.0,4
3427,9958.0,2
3428,9966.0,4
3429,9972.0,4
3430,9976.0,5
3431,9984.0,5
3432,9988.0,0
3433,9996.0,5
3434,10010.0,3
3435,10013.0,5
3436,10020.0,0
3437,10026.0,3
3438,10027.0,3
3439,10029.0,0
3440,10031.0,5
3441,10036.0,3
3442,10037.0,4
3443,10046.0,3
3444,10047.0,0
3445,10048.0,0
3446,10049.0,0
3447,10053.0,4
3448,10063.0,5
3449,10070.0,4
3450,10075.0,4
3451,10080.0,4
3452,10089.0,5
3453,10100.0,0
3454,10113.0,0
3455,10126.0,0
3456,10134.0,1
3457,10136.0,0
3458,10145.0,0
3459,10154.0,3
3460,10157.0,3
3461,10160.0,0
3462,10167.0,0
3463,10170.0,5
3464,10171.0,3
3465,10172.0,0
3466,10176.0,4
3467,10178.0,0
3468,10179.0,3
3469,10179.0,3
3470,10181.0,5
3471,10199.0,3
3472,10208.0,5
3473,10210.0,0
3474,10221.0,3
3475,10226.0,5
3476,10232.0,3
3477,10237.0,0
3478,10246.0,0
3479,10247.0,3
3480,10254.0,5
3481,10258.0,4
3482,10264.0,0
3483,10268.0,5
3484,10278.0,3
3485,10287.0,4
3486,10293.0,5
3487,10301.0,4
3488,10342.0,3
3489,10343.0,3
3490,10345.0,0
3491,10346.0,4
3492,10351.0,0
3493,10361.0,0
3494,10366.0,4
3495,10373.0,1
3496,10379.0,3
3497,10385.0,3
3498,10398.0,3
3499,10398.0,3
3500,10402.0,3
3501,10409.0,3
3502,10413.0,4
3503,10414.0,0
3504,10430.0,0
3505,10444.0,0
3506,10445.0,4
3507,10446.0,4
3508,10469.0,3
3509,10477.0,5
3510,10478.0,3
3511,10482.0,5
3512,10483.0,5
3513,10485.0,4
3514,10491.0,5
3515,10500.0,4
3516,10506.0,1
3517,10516.0,0
3518,10522.0,0
3519,10532.0,3
3520,10533.0,0
3521,10535.0,0
3522,10547.0,4
3523,10547.0,3
3524,10548.0,4
3525,10551.0,3
3526,10554.0,4
3527,10560.0,0
3528,10561.0,5
3529,10566.0,0
3530,10569.0,1
3531,10573.0,3
3532,10576.0,0
3533,10587.0,4
3534,10590.0,3
3535,10590.0,4
3536,10605.0,2
3537,10609.0,5
3538,10612.0,4
3539,10621.0,3
3540,10626.0,0
3541,10628.0,0
3542,10643.0,4
3543,10644.0,5
3544,10646.0,3
3545,10662.0,5
3546,10663.0,0
3547,10666.0,0
3548,10680.0,4
3549,10686.0,3
3550,10691.0,0
3551,10693.0,3
3552,10694.0,5
3553,10698.0,3
3554,10705.0,3
3555,10706.0,3
3556,10707.0,3
3557,10711.0,3
3558,10716.0,5
3559,10720.0,3
3560,10721.0,5
3561,10725.0,3
3562,10726.0,3
3563,10729.0,4
3564,10737.0,0
3565,10748.0,0
3566,10757.0,3
3567,10760.0,5
3568,10761.0,4
3569,10770.0,3
3570,10776.0,5
3571,10778.0,0
3572,10780.0,3
3573,10781.0,1
3574,10788.0,0
3575,10789.0,5
3576,10799.0,3
3577,10801.0,1
3578,10802.0,3
3579,10809.0,5
3580,10812.0,3
3581,10814.0,0
3582,10818.0,5
3583,10824.0,4
3584,10830.0,3
3585,10840.0,3
3586,10841.0,5
3587,10846.0,0
3588,10850.0,4
3589,10865.0,1
3590,10872.0,0
3591,10874.0,0
3592,10876.0,0
3593,10884.0,3
3594,10896.0,5
3595,10912.0,3
3596,10919.0,0
3597,10929.0,3
3598,10956.0,0
3599,10976.0,4
3600,11009.0,0
3601,11038.0,1
3602,11040.0,0
3603,11047.0,4
3604,11077.0,3
3605,11079.0,1
3606,11085.0,1
3607,11091.0,4
3608,11096.0,3
3609,11097.0,3
3610,11102.0,1
3611,11104.0,0
3612,11125.0,0
3613,11134.0,0
3614,11140.0,1
3615,11149.0,5
3616,11157.0,4
3617,11158.0,5
3618,11167.0,4
3619,11190.0,3
3620,11194.0,0
3621,11198.0,5
3622,11225.0,0
3623,11226.0,4
3624,11255.0,4
3625,11268.0,4
3626,11280.0,0
3627,11281.0,3
3628,11283.0,0
3629,11285.0,0
3630,11287.0,3
3631,11291.0,3
3632,11292.0,3
3633,11297.0,5
3634,11300.0,0
3635,11302.0,5
3636,11305.0,0
3637,11306.0,0
3638,11309.0,0
3639,11321.0,3
3640,11331.0,0
3641,11337.0,5
3642,11360.0,5
3643,11374.0,4
3644,11375.0,4
3645,11408.0,1
3646,11419.0,5
3647,11420.0,1
3648,11453.0,1
3649,11464.0,0
3650,11478.0,5
3651,11494.0,0
3652,11505.0,0
3653,11506.0,3
3654,11515.0,3
3655,11518.0,5
3656,11524.0,0
3657,11528.0,4
3658,11538.0,4
3659,11564.0,1
3660,11590.0,0
3661,11597.0,4
3662,11613.0,5
3663,11615.0,0
3664,11617.0,5
3665,11628.0,1
3666,11648.0,5
3667,11650.0,5
3668,11653.0,0
3669,11657.0,3
3670,11661.0,3
3671,11663.0,3
3672,11664.0,1
3673,11665.0,0
3674,11670.0,5
3675,11678.0,0
3676,11682.0,3
3677,11684.0,4
3678,11689.0,1
3679,11692.0,4
3680,11699.0,3
3681,11708.0,3
3682,11726.0,4
3683,11729.0,3
3684,11738.0,4
3685,11745.0,0
3686,11753.0,2
3687,11762.0,0
3688,11775.0,3
3689,11777.0,4
3690,11780.0,2
3691,11785.0,0
3692,11788.0,3
3693,11796.0,5
3694,11800.0,3
3695,11801.0,0
3696,11807.0,0
3697,11814.0,0
3698,11815.0,0
3699,11834.0,5
3700,11841.0,3
3701,11841.0,4
3702,11844.0,0
3703,11864.0,0
3704,11866.0,3
3705,11871.0,0
3706,11872.0,5
3707,11877.0,4
3708,11886.0,4
3709,11888.0,0
3710,11890.0,0
3711,11892.0,3
3712,11893.0,3
3713,11901.0,4
3714,11919.0,5
3715,11921.0,3
3716,11925.0,0
3717,11938.0,3
3718,11961.0,0
3719,11969.0,4
3720,11988.0,0
3721,11989.0,0
3722,11994.0,4
3723,12017.0,4
3724,12021.0,5
3725,12023.0,3
3726,12025.0,5
3727,12027.0,1
3728,12032.0,3
3729,12047.0,0
3730,12053.0,5
3731,12054.0,3
3732,12059.0,3
3733,12069.0,3
3734,12074.0,0
3735,12083.0,0
3736,12088.0,5
3737,12094.0,5
3738,12095.0,1
3739,12100.0,4
3740,12110.0,0
3741,12113.0,4
3742,12119.0,0
3743,12131.0,5
3744,12137.0,4
3745,12138.0,0
3746,12145.0,0
3747,12150.0,0
3748,12154.0,3
3749,12179.0,4
3750,12206.0,4
3751,12210.0,4
3752,12226.0,4
3753,12227.0,4
3754,12228.0,4
3755,12229.0,0
3756,12241.0,3
3757,12245.0,4
3758,12246.0,3
3759,12250.0,1
3760,12300.0,4
3761,12313.0,0
3762,12324.0,4
3763,12329.0,1
3764,12330.0,3
3765,12345.0,3
3766,12394.0,0
3767,12404.0,0
3768,12415.0,1
3769,12428.0,0
3770,12435.0,3
3771,12458.0,0
3772,12461.0,4
3773,12476.0,0
3774,12485.0,0
3775,12488.0,0
3776,12496.0,3
3777,12502.0,3
3778,12506.0,5
3779,12519.0,5
3780,12521.0,0
3781,12522.0,3
3782,12536.0,1
3783,12546.0,5
3784,12551.0,2
3785,12557.0,5
3786,12561.0,5
3787,12563.0,0
3788,12575.0,0
3789,12592.0,0
3790,12594.0,2
3791,12604.0,5
3792,12606.0,0
3793,12625.0,3
3794,12628.0,0
3795,12633.0,5
3796,12634.0,0
3797,12638.0,3
3798,12652.0,0
3799,12662.0,0
3800,12663.0,5
3801,12664.0,3
3802,12683.0,5
3803,12717.0,0
3804,12721.0,0
3805,12723.0,0
3806,12728.0,0
3807,12763.0,5
3808,12764.0,3
3809,12769.0,3
3810,12771.0,3
3811,12777.0,4
3812,12777.0,3
3813,12821.0,5
3814,12831.0,3
3815,12833.0,4
3816,12880.0,3
3817,12895.0,0
3818,12897.0,3
3819,12899.0,4
3820,12902.0,5
3821,12907.0,3
3822,12907.0,4
3823,12939.0,5
3824,12942.0,1
3825,12943.0,3
3826,12963.0,0
3827,12981.0,4
3828,12995.0,0
3829,13006.0,3
3830,13008.0,2
3831,13010.0,5
3832,13023.0,3
3833,13038.0,0
3834,13054.0,3
3835,13060.0,0
3836,13063.0,0
3837,13078.0,5
3838,13082.0,2
3839,13118.0,0
3840,13157.0,3
3841,13174.0,5
3842,13180.0,0
3843,13189.0,5
3844,13242.0,5
3845,13244.0,0
3846,13245.0,0
3847,13268.0,1
3848,13290.0,4
3849,13304.0,5
3850,13306.0,3
3851,13313.0,5
3852,13328.0,3
3853,13332.0,4
3854,13353.0,0
3855,13374.0,3
3856,13395.0,3
3857,13398.0,1
3858,13407.0,5
3859,13418.0,5
3860,13444.0,0
3861,13467.0,5
3862,13482.0,3
3863,13521.0,0
3864,13544.0,4
3865,13549.0,4
3866,13553.0,3
3867,13579.0,3
3868,13579.0,4
3869,13606.0,0
3870,13630.0,0
3871,13683.0,3
3872,13692.0,0
3873,13695.0,0
3874,13713.0,3
3875,13742.0,2
3876,13762.0,0
3877,13763.0,0
3878,13774.0,4
3879,13776.0,5
3880,13783.0,4
3881,13794.0,4
3882,13795.0,1
3883,13801.0,0
3884,13802.0,0
3885,13815.0,3
3886,13831.0,0
3887,13838.0,2
3888,13868.0,0
3889,13880.0,4
3890,13893.0,3
3891,13911.0,1
3892,13915.0,1
3893,13947.0,0
3894,13957.0,5
3895,13959.0,1
3896,13991.0,0
3897,14047.0,4
3898,14053.0,4
3899,14063.0,3
3900,14104.0,4
3901,14108.0,4
3902,14161.0,3
3903,14183.0,1
3904,14195.0,5
3905,14221.0,3
3906,14248.0,0
3907,14264.0,0
3908,14272.0,4
3909,14312.0,3
3910,14317.0,5
3911,14334.0,1
3912,14372.0,0
3913,14398.0,0
3914,14400.0,0
3915,14402.0,0
3916,14412.0,0
3917,14415.0,0
3918,14426.0,5
3919,14462.0,4
3920,14462.0,3
3921,14471.0,0
3922,14498.0,4
3923,14520.0,4
3924,14524.0,3
3925,14537.0,3
3926,14554.0,0
3927,14568.0,4
3928,14575.0,0
3929,14651.0,0
3930,14661.0,1
3931,14669.0,3
3932,14676.0,3
3933,14769.0,3
3934,14781.0,0
3935,14787.0,4
3936,14816.0,5
3937,14819.0,0
3938,14845.0,0
3939,14858.0,5
3940,14865.0,3
3941,14866.0,3
3942,14870.0,0
3943,14896.0,0
3944,14899.0,0
3945,14931.0,4
3946,14935.0,0
3947,14992.0,3
3948,15016.0,1
3949,15017.0,2
3950,15041.0,4
3951,15047.0,4
3952,15107.0,4
3953,15111.0,3
3954,15119.0,4
3955,15125.0,0
3956,15155.0,2
3957,15175.0,3
3958,15187.0,0
3959,15217.0,4
3960,15255.0,4
3961,15269.0,4
3962,15273.0,0
3963,15290.0,1
3964,15293.0,0
3965,15308.0,0
3966,15313.0,0
3967,15315.0,0
3968,15322.0,5
3969,15356.0,5
3970,15376.0,1
3971,15378.0,1
3972,15379.0,4
3973,15381.0,4
3974,15413.0,5
3975,15445.0,3
3976,15448.0,0
3977,15459.0,5
3978,15478.0,0
3979,15479.0,0
3980,15506.0,5
3981,15512.0,0
3982,15542.0,0
3983,15560.0,0
3984,15652.0,4
3985,15657.0,3
3986,15660.0,4
3987,15703.0,5
3988,15714.0,4
3989,15719.0,0
3990,15738.0,4
3991,15765.0,5
3992,15766.0,0
3993,15786.0,3
3994,15787.0,3
3995,15788.0,3
3996,15810.0,0
3997,15827.0,1
3998,15846.0,3
3999,15860.0,4
4000,15911.0,0
4001,15924.0,0
4002,15950.0,0
4003,15968.0,4
4004,16004.0,3
4005,16051.0,3
4006,16056.0,4
4007,16087.0,0
4008,16129.0,1
4009,16137.0,0
4010,16138.0,0
4011,16139.0,0
4012,16140.0,0
4013,16181.0,3
4014,16292.0,4
4015,16293.0,0
4016,16300.0,3
4017,16322.0,4
4018,16335.0,3
4019,16349.0,3
4020,16350.0,3
4021,16369.0,3
4022,16370.0,0
4023,16429.0,4
4024,16438.0,0
4025,16458.0,3
4026,16459.0,3
4027,16483.0,3
4028,16488.0,0
4029,16493.0,4
4030,16499.0,0
4031,16502.0,3
4032,16514.0,4
4033,16586.0,2
4034,16602.0,4
4035,16611.0,0
4036,16674.0,0
4037,16688.0,5
4038,16697.0,4
4039,16697.0,3
4040,16701.0,4
4041,16726.0,4
4042,16747.0,0
4043,16760.0,0
4044,16762.0,1
4045,16851.0,1
4046,16852.0,1
4047,16865.0,3
4048,16893.0,4
4049,16993.0,3
4050,17000.0,4
4051,17001.0,4
4052,17053.0,0
4053,17061.0,5
4054,17083.0,2
4055,17088.0,5
4056,17091.0,3
4057,17136.0,0
4058,17158.0,5
4059,17171.0,1
4060,17188.0,3
4061,17195.0,5
4062,17232.0,0
4063,17238.0,3
4064,17244.0,0
4065,17256.0,3
4066,17266.0,3
4067,17332.0,0
4068,17343.0,3
4069,17360.0,0
4070,17367.0,5
4071,17478.0,5
4072,17511.0,0
4073,17526.0,4
4074,17527.0,4
4075,17528.0,3
4076,17528.0,4
4077,17540.0,5
4078,17625.0,0
4079,17627.0,0
4080,17639.0,0
4081,17651.0,3
4082,17656.0,0
4083,17674.0,4
4084,17674.0,3
4085,17675.0,3
4086,17717.0,0
4087,17721.0,4
4088,17742.0,0
4089,17771.0,4
4090,17788.0,0
4091,17832.0,5
4092,17873.0,0
4093,17890.0,3
4094,17900.0,0
4095,17907.0,0
4096,17944.0,0
4097,17950.0,3
4098,17989.0,0
4099,18014.0,3
4100,18057.0,0
4101,18062.0,0
4102,18089.0,3
4103,18090.0,0
4104,18098.0,4
4105,18099.0,4
4106,18100.0,3
4107,18108.0,0
4108,18116.0,3
4109,18118.0,5
4110,18153.0,0
4111,18172.0,0
4112,18199.0,4
4113,18229.0,3
4114,18231.0,0
4115,18236.0,4
4116,18340.0,0
4117,18349.0,4
4118,18371.0,3
4119,18379.0,0
4120,18384.0,0
4121,18386.0,0
4122,18387.0,0
4123,18390.0,0
4124,18433.0,5
4125,18474.0,3
4126,18514.0,4
4127,18520.0,0
4128,18559.0,4
4129,18561.0,4
4130,18571.0,0
4131,18609.0,0
4132,18641.0,4
4133,18680.0,4
4134,18730.0,4
4135,18750.0,3
4136,18759.0,5
4137,18776.0,0
4138,18778.0,4
4139,18786.0,4
4140,18791.0,3
4141,18814.0,4
4142,18826.0,0
4143,18827.0,4
4144,18829.0,4
4145,18831.0,4
4146,18832.0,1
4147,18834.0,0
4148,18835.0,0
4149,18838.0,4
4150,18839.0,0
4151,18847.0,4
4152,18849.0,0
4153,18850.0,0
4154,18852.0,0
4155,18854.0,4
4156,18860.0,4
4157,18861.0,0
4158,18866.0,4
4159,18868.0,0
4160,18871.0,0
4161,18872.0,0
4162,18874.0,4
4163,18877.0,0
4164,18889.0,0
4165,18917.0,4
4166,18918.0,4
4167,18922.0,0
4168,18924.0,0
4169,18925.0,4
4170,18931.0,0
4171,18935.0,4
4172,18940.0,0
4173,18946.0,4
4174,18947.0,4
4175,18952.0,4
4176,18958.0,0
4177,18960.0,0
4178,18963.0,0
4179,18965.0,0
4180,18966.0,4
4181,18968.0,0
4182,18969.0,0
4183,18970.0,0
4184,18979.0,4
4185,18987.0,0
4186,18991.0,4
4187,18993.0,4
4188,18999.0,3
4189,19003.0,4
4190,19004.0,5
4191,19005.0,5
4192,19006.0,5
4193,19007.0,5
4194,19008.0,5
4195,19009.0,0
4196,19010.0,4
4197,19011.0,0
4198,19012.0,0
4199,19018.0,5
4200,19022.0,4
4201,19053.0,0
4202,19061.0,0
4203,19063.0,0
4204,19064.0,0
4205,19066.0,4
4206,19069.0,0
4207,19070.0,0
4208,19071.0,4
4209,19076.0,0
4210,19081.0,3
4211,19082.0,4
4212,19087.0,4
4213,19096.0,4
4214,19100.0,4
4215,19101.0,4
4216,19104.0,4
4217,19107.0,4
4218,19109.0,0
4219,19111.0,0
4220,19113.0,0
4221,19115.0,0
4222,19117.0,0
4223,19118.0,0
4224,19119.0,0
4225,19122.0,4
4226,19129.0,0
4227,19132.0,4
4228,19135.0,4
4229,19141.0,0
4230,19143.0,4
4231,19145.0,0
4232,19147.0,0
4233,19149.0,0
4234,19150.0,0
4235,19160.0,4
4236,19175.0,0
4237,19192.0,0
4238,19199.0,4
4239,19218.0,4
4240,19244.0,4
4241,19266.0,0
4242,19271.0,0
4243,19272.0,4
4244,19274.0,0
4245,19278.0,4
4246,19300.0,0
4247,19301.0,4
4248,19302.0,0
4249,19342.0,3
4250,19344.0,3
4251,19346.0,3
4252,19347.0,4
4253,19348.0,3
4254,19349.0,3
4255,19355.0,3
4256,19357.0,4
4257,19358.0,3
4258,19359.0,3
4259,19361.0,3
4260,19362.0,0
4261,19365.0,4
4262,19366.0,0
4263,19368.0,3
4264,19369.0,3
4265,19370.0,3
4266,19371.0,4
4267,19372.0,4
4268,19376.0,0
4269,19381.0,4
4270,19384.0,2
4271,19414.0,3
4272,19415.0,4
4273,19416.0,0
4274,19417.0,0
4275,19418.0,3
4276,19419.0,3
4277,19420.0,3
4278,19421.0,3
4279,19422.0,4
4280,19423.0,3
4281,19424.0,3
4282,19425.0,0
4283,19426.0,0
4284,19427.0,3
4285,19428.0,0
4286,19429.0,0
4287,19430.0,0
4288,19431.0,4
4289,19433.0,4
4290,19434.0,4
4291,19435.0,0
4292,19436.0,3
4293,19437.0,0
4294,19439.0,0
4295,19440.0,0
4296,19441.0,0
4297,19442.0,0
4298,19444.0,4
4299,19446.0,0
4300,19448.0,0
4301,19449.0,0
4302,19450.0,0
4303,19451.0,0
4304,19453.0,0
4305,19454.0,0
4306,19455.0,0
4307,19456.0,0
4308,19457.0,0
4309,19458.0,0
4310,19459.0,3
4311,19465.0,5
4312,19477.0,3
4313,19494.0,0
4314,19495.0,0
4315,19496.0,0
4316,19497.0,0
4317,19498.0,0
4318,19500.0,3
4319,19501.0,0
4320,19502.0,3
4321,19503.0,3
4322,19504.0,4
4323,19507.0,0
4324,19508.0,0
4325,19509.0,0
4326,19510.0,0
4327,19511.0,3
4328,19512.0,0
4329,19513.0,4
4330,19517.0,0
4331,19518.0,0
4332,19519.0,0
4333,19521.0,3
4334,19522.0,3
4335,19523.0,3
4336,19524.0,3
4337,19525.0,3
4338,19528.0,0
4339,19534.0,0
4340,19536.0,4
4341,19537.0,4
4342,19538.0,0
4343,19539.0,0
4344,19546.0,0
4345,19547.0,3
4346,19552.0,3
4347,19553.0,0
4348,19554.0,0
4349,19574.0,0
4350,19585.0,1
4351,19586.0,1
4352,19588.0,3
4353,19589.0,3
4354,19590.0,3
4355,19591.0,1
4356,19592.0,4
4357,19599.0,4
4358,19600.0,0
4359,19602.0,0
4360,19603.0,0
4361,19606.0,0
4362,19611.0,0
4363,19615.0,0
4364,19616.0,3
4365,19617.0,0
4366,19620.0,0
4367,19641.0,5
4368,19645.0,0
4369,19650.0,0
4370,19651.0,0
4371,19652.0,0
4372,19656.0,0
4373,19658.0,0
4374,19662.0,0
4375,19663.0,3
4376,19665.0,3
4377,19666.0,0
4378,19667.0,0
4379,19668.0,3
4380,19670.0,0
4381,19674.0,0
4382,19675.0,0
4383,19689.0,0
4384,19691.0,3
4385,19694.0,5
4386,19697.0,0
4387,19700.0,0
4388,19701.0,0
4389,19705.0,0
4390,19706.0,3
4391,19707.0,4
4392,19708.0,0
4393,19709.0,0
4394,19711.0,0
4395,19714.0,0
4396,19719.0,3
4397,19722.0,0
4398,19724.0,3
4399,19727.0,0
4400,19732.0,3
4401,19733.0,0
4402,19736.0,0
4403,19739.0,3
4404,19744.0,0
4405,19752.0,0
4406,19756.0,0
4407,19758.0,0
4408,19759.0,0
4409,19760.0,3
4410,19762.0,0
4411,19763.0,0
4412,19770.0,0
4413,19796.0,5
4414,19840.0,0
4415,19853.0,3
4416,19858.0,0
4417,19863.0,0
4418,19866.0,4
4419,19867.0,3
4420,19869.0,3
4421,19871.0,0
4422,19872.0,3
4423,19878.0,3
4424,19879.0,0
4425,19881.0,3
4426,19890.0,0
4427,19891.0,0
4428,19892.0,3
4429,19894.0,0
4430,19895.0,4
4431,19896.0,3
4432,19897.0,3
4433,19921.0,0
4434,19924.0,0
4435,19925.0,0
4436,19926.0,4
4437,19927.0,0
4438,19928.0,0
4439,19931.0,0
4440,19932.0,0
4441,19935.0,0
4442,19937.0,0
4443,19938.0,0
4444,19941.0,0
4445,19943.0,4
4446,19944.0,0
4447,19945.0,0
4448,19947.0,0
4449,19951.0,0
4450,19954.0,0
4451,19956.0,0
4452,19959.0,0
4453,19960.0,0
4454,19962.0,0
4455,19963.0,0
4456,19964.0,0
4457,19965.0,0
4458,19969.0,0
4459,19970.0,0
4460,19971.0,0
4461,19972.0,0
4462,19973.0,0
4463,19975.0,4
4464,19976.0,3
4465,19980.0,3
4466,19981.0,0
4467,19983.0,0
4468,19987.0,0
4469,19988.0,3
4470,19989.0,0
4471,19991.0,4
4472,19992.0,0
4473,19994.0,3
4474,19995.0,3
4475,19997.0,0
4476,20000.0,4
4477,20005.0,0
4478,20006.0,3
4479,20009.0,3
4480,20011.0,0
4481,20016.0,0
4482,20020.0,4
4483,20021.0,3
4484,20022.0,3
4485,20023.0,0
4486,20025.0,0
4487,20028.0,0
4488,20034.0,0
4489,20062.0,0
4490,20065.0,3
4491,20067.0,3
4492,20072.0,0
4493,20074.0,0
4494,20075.0,0
4495,20077.0,0
4496,20078.0,0
4497,20079.0,0
4498,20081.0,0
4499,20082.0,0
4500,20083.0,0
4501,20084.0,0
4502,20086.0,4
4503,20087.0,4
4504,20088.0,4
4505,20092.0,0
4506,20093.0,4
4507,20094.0,4
4508,20095.0,4
4509,20097.0,0
4510,20099.0,0
4511,20100.0,4
4512,20101.0,4
4513,20102.0,0
4514,20103.0,4
4515,20107.0,0
4516,20111.0,4
4517,20112.0,0
4518,20123.0,0
4519,20130.0,0
4520,20131.0,3
4521,20132.0,0
4522,20133.0,4
4523,20140.0,0
4524,20141.0,4
4525,20143.0,4
4526,20144.0,4
4527,20145.0,3
4528,20147.0,3
4529,20151.0,4
4530,20166.0,5
4531,20186.0,0
4532,20187.0,0
4533,20188.0,0
4534,20190.0,0
4535,20191.0,0
4536,20192.0,4
4537,20193.0,3
4538,20196.0,3
4539,20199.0,0
4540,20203.0,4
4541,20204.0,3
4542,20207.0,0
4543,20209.0,3
4544,20210.0,0
4545,20211.0,4
4546,20212.0,4
4547,20214.0,3
4548,20215.0,0
4549,20216.0,0
4550,20217.0,0
4551,20231.0,1
4552,20241.0,5
4553,20262.0,5
4554,20277.0,3
4555,20289.0,0
4556,20300.0,0
4557,20303.0,4
4558,20307.0,3
4559,20309.0,3
4560,20310.0,3
4561,20312.0,0
4562,20314.0,0
4563,20316.0,4
4564,20317.0,0
4565,20318.0,0
4566,20319.0,0
4567,20321.0,0
4568,20323.0,0
4569,20324.0,0
4570,20325.0,0
4571,20326.0,3
4572,20328.0,3
4573,20330.0,4
4574,20332.0,3
4575,20339.0,0
4576,20340.0,0
4577,20341.0,3
4578,20347.0,4
4579,20348.0,3
4580,20350.0,3
4581,20358.0,0
4582,20359.0,0
4583,20363.0,3
4584,20367.0,0
4585,20368.0,0
4586,20382.0,0
4587,20387.0,3
4588,20392.0,3
4589,20393.0,3
4590,20394.0,0
4591,20400.0,0
4592,20401.0,3
4593,20402.0,3
4594,20403.0,0
4595,20406.0,0
4596,20408.0,3
4597,20410.0,4
4598,20411.0,3
4599,20413.0,3
4600,20414.0,4
4601,20415.0,0
4602,20416.0,3
4603,20418.0,3
4604,20419.0,3
4605,20422.0,4
4606,20423.0,3
4607,20424.0,3
4608,20425.0,3
4609,20426.0,0
4610,20427.0,4
4611,20428.0,4
4612,20435.0,0
4613,20437.0,4
4614,20438.0,3
4615,20441.0,0
4616,20442.0,4
4617,20449.0,0
4618,20450.0,0
4619,20454.0,4
4620,20482.0,4
4621,20491.0,0
4622,20493.0,3
4623,20494.0,4
4624,20499.0,3
4625,20505.0,3
4626,20507.0,4
4627,20512.0,3
4628,20518.0,3
4629,20541.0,4
4630,20542.0,0
4631,20544.0,0
4632,20548.0,0
4633,20550.0,4
4634,20553.0,3
4635,20554.0,0
4636,20559.0,0
4637,20560.0,0
4638,20561.0,3
4639,20562.0,3
4640,20563.0,0
4641,20566.0,3
4642,20569.0,3
4643,20570.0,0
4644,20571.0,3
4645,20573.0,0
4646,20584.0,0
4647,20587.0,3
4648,20588.0,0
4649,20589.0,0
4650,20592.0,0
4651,20593.0,4
4652,20600.0,4
4653,20601.0,3
4654,20602.0,3
4655,20605.0,3
4656,20606.0,3
4657,20607.0,0
4658,20608.0,0
4659,20609.0,3
4660,20610.0,0
4661,20612.0,4
4662,20613.0,0
4663,20642.0,3
4664,20647.0,3
4665,20648.0,3
4666,20649.0,0
4667,20653.0,0
4668,20656.0,0
4669,20658.0,0
4670,20660.0,3
4671,20661.0,0
4672,20663.0,0
4673,20666.0,0
4674,20668.0,0
4675,20669.0,4
4676,20671.0,0
4677,20672.0,0
4678,20673.0,4
4679,20675.0,4
4680,20679.0,0
4681,20682.0,4
4682,20686.0,0
4683,20687.0,0
4684,20689.0,4
4685,20691.0,4
4686,20692.0,4
4687,20694.0,4
4688,20695.0,4
4689,20700.0,0
4690,20701.0,3
4691,20703.0,3
4692,20704.0,0
4693,20705.0,0
4694,20706.0,3
4695,20709.0,3
4696,20711.0,0
4697,20714.0,0
4698,20718.0,3
4699,20720.0,4
4700,20721.0,0
4701,20722.0,0
4702,20723.0,0
4703,20724.0,0
4704,20729.0,3
4705,20732.0,3
4706,20734.0,3
4707,20754.0,0
4708,20771.0,0
4709,20779.0,0
4710,20791.0,0
4711,20795.0,4
4712,20798.0,0
4713,20799.0,0
4714,20800.0,0
4715,20802.0,4
4716,20803.0,0
4717,20804.0,4
4718,20805.0,0
4719,20809.0,0
4720,20810.0,3
4721,20812.0,0
4722,20813.0,4
4723,20814.0,0
4724,20815.0,0
4725,20816.0,4
4726,20818.0,4
4727,20819.0,0
4728,20820.0,4
4729,20825.0,0
4730,20826.0,4
4731,20827.0,0
4732,20828.0,0
4733,20829.0,0
4734,20832.0,0
4735,20834.0,0
4736,20835.0,0
4737,20837.0,0
4738,20838.0,0
4739,20839.0,0
4740,20840.0,0
4741,20842.0,4
4742,20844.0,0
4743,20847.0,4
4744,20848.0,0
4745,20849.0,0
4746,20850.0,0
4747,20851.0,0
4748,20852.0,0
4749,20855.0,4
4750,20860.0,2
4751,20870.0,0
4752,20875.0,0
4753,20889.0,3
4754,20896.0,3
4755,20922.0,4
4756,20936.0,4
4757,20950.0,0
4758,20952.0,3
4759,20954.0,0
4760,20955.0,4
4761,20956.0,0
4762,20958.0,4
4763,20959.0,4
4764,20960.0,0
4765,20961.0,4
4766,20962.0,3
4767,20963.0,4
4768,20964.0,0
4769,20966.0,0
4770,20967.0,3
4771,20968.0,3
4772,20969.0,4
4773,20971.0,4
4774,20972.0,4
4775,20974.0,4
4776,20975.0,4
4777,20977.0,0
4778,20981.0,3
4779,20983.0,0
4780,20999.0,3
4781,21000.0,4
4782,21001.0,4
4783,21005.0,3
4784,21010.0,0
4785,21020.0,4
4786,21022.0,4
4787,21024.0,0
4788,21025.0,0
4789,21030.0,3
4790,21032.0,0
4791,21039.0,0
4792,21040.0,0
4793,21041.0,0
4794,21044.0,0
4795,21048.0,4
4796,21052.0,3
4797,21053.0,0
4798,21055.0,0
4799,21056.0,0
4800,21064.0,4
4801,21067.0,4
4802,21068.0,4
4803,21070.0,0
4804,21073.0,0
4805,21081.0,3
4806,21082.0,0
4807,21084.0,0
4808,21085.0,4
4809,21091.0,0
4810,21092.0,4
4811,21094.0,0
4812,21095.0,4
4813,21097.0,0
4814,21099.0,4
4815,21100.0,4
4816,21102.0,3
4817,21105.0,3
4818,21108.0,0
4819,21141.0,4
4820,21149.0,0
4821,21150.0,0
4822,21156.0,3
4823,21157.0,0
4824,21164.0,3
4825,21168.0,4
4826,21169.0,0
4827,21170.0,0
4828,21175.0,0
4829,21181.0,0
4830,21182.0,4
4831,21183.0,0
4832,21190.0,0
4833,21191.0,4
4834,21193.0,0
4835,21194.0,0
4836,21196.0,4
4837,21200.0,4
4838,21201.0,3
4839,21206.0,3
4840,21216.0,0
4841,21220.0,4
4842,21222.0,0
4843,21224.0,4
4844,21226.0,3
4845,21229.0,0
4846,21233.0,0
4847,21235.0,4
4848,21236.0,4
4849,21240.0,4
4850,21241.0,3
4851,21257.0,3
4852,21259.0,0
4853,21262.0,0
4854,21263.0,0
4855,21264.0,0
4856,21265.0,0
4857,21266.0,0
4858,21274.0,0
4859,21278.0,3
4860,21280.0,4
4861,21286.0,3
4862,21288.0,4
4863,21292.0,0
4864,21301.0,4
4865,21304.0,0
4866,21307.0,0
4867,21309.0,3
4868,21313.0,0
4869,21319.0,0
4870,21322.0,0
4871,21329.0,3
4872,21331.0,4
4873,21334.0,4
4874,21338.0,3
4875,21339.0,0
4876,21343.0,3
4877,21345.0,4
4878,21359.0,4
4879,21360.0,1
4880,21361.0,4
4881,21362.0,3
4882,21364.0,4
4883,21368.0,4
4884,21369.0,3
4885,21370.0,0
4886,21371.0,4
4887,21372.0,4
4888,21373.0,4
4889,21377.0,3
4890,21390.0,2
4891,21394.0,3
4892,21396.0,5
4893,21397.0,5
4894,21400.0,4
4895,21409.0,2
4896,21422.0,0
4897,21425.0,3
4898,21429.0,3
4899,21431.0,4
4900,21431.0,3
4901,21432.0,3
4902,21436.0,3
4903,21440.0,3
4904,21441.0,3
4905,21444.0,3
4906,21447.0,4
4907,21448.0,3
4908,21452.0,3
4909,21453.0,4
4910,21454.0,1
4911,21456.0,3
4912,21457.0,4
4913,21458.0,4
4914,21459.0,4
4915,21462.0,4
4916,21463.0,3
4917,21464.0,3
4918,21468.0,4
4919,21469.0,4
4920,21475.0,4
4921,21486.0,5
4922,21494.0,3
4923,21496.0,3
4924,21497.0,3
4925,21498.0,3
4926,21501.0,4
4927,21501.0,3
4928,21502.0,3
4929,21503.0,4
4930,21503.0,3
4931,21505.0,3
4932,21511.0,1
4933,21512.0,4
4934,21534.0,3
4935,21535.0,3
4936,21536.0,3
4937,21537.0,1
4938,21538.0,4
4939,21541.0,1
4940,21543.0,1
4941,21550.0,3
4942,21553.0,3
4943,21556.0,3
4944,21557.0,3
4945,21562.0,3
4946,21566.0,3
4947,21571.0,0
4948,21573.0,3
4949,21575.0,4
4950,21576.0,4
4951,21578.0,1
4952,21579.0,3
4953,21580.0,4
4954,21581.0,3
4955,21582.0,4
4956,21583.0,3
4957,21588.0,0
4958,21602.0,3
4959,21603.0,0
4960,21604.0,0
4961,21609.0,1
4962,21610.0,3
4963,21613.0,0
4964,21615.0,0
4965,21619.0,3
4966,21626.0,3
4967,21626.0,4
4968,21627.0,4
4969,21627.0,3
4970,21628.0,4
4971,21628.0,3
4972,21630.0,3
4973,21630.0,4
4974,21631.0,4
4975,21631.0,3
4976,21632.0,3
4977,21633.0,3
4978,21635.0,3
4979,21636.0,0
4980,21644.0,3
4981,21645.0,3
4982,21646.0,0
4983,21648.0,0
4984,21651.0,0
4985,21652.0,3
4986,21653.0,0
4987,21683.0,4
4988,21686.0,1
4989,21687.0,3
4990,21688.0,4
4991,21689.0,1
4992,21694.0,4
4993,21698.0,4
4994,21700.0,3
4995,21703.0,4
4996,21705.0,4
4997,21708.0,3
4998,21709.0,3
4999,21711.0,3
5000,21711.0,4
5001,21712.0,3
5002,21714.0,3
5003,21719.0,3
5004,21720.0,3
5005,21721.0,0
5006,21722.0,3
5007,21723.0,0
5008,21724.0,3
5009,21725.0,4
5010,21725.0,3
5011,21733.0,3
5012,21735.0,3
5013,21739.0,3
5014,21745.0,0
5015,21750.0,4
5016,21758.0,3
5017,21761.0,4
5018,21761.0,3
5019,21767.0,5
5020,21769.0,3
5021,21772.0,5
5022,21773.0,5
5023,21782.0,4
5024,21804.0,3
5025,21808.0,3
5026,21812.0,3
5027,21814.0,3
5028,21817.0,3
5029,21818.0,3
5030,21821.0,0
5031,21822.0,3
5032,21823.0,3
5033,21835.0,0
5034,21838.0,3
5035,21839.0,3
5036,21843.0,3
5037,21844.0,4
5038,21849.0,3
5039,21851.0,3
5040,21854.0,4
5041,21855.0,0
5042,21862.0,0
5043,21864.0,0
5044,21865.0,4
5045,21867.0,0
5046,21869.0,0
5047,21870.0,0
5048,21871.0,0
5049,21872.0,1
5050,21873.0,3
5051,21880.0,3
5052,21896.0,4
5053,21898.0,4
5054,21903.0,3
5055,21904.0,3
5056,21912.0,0
5057,21916.0,0
5058,21917.0,4
5059,21918.0,3
5060,21922.0,0
5061,21923.0,4
5062,21925.0,3
5063,21928.0,4
5064,21929.0,4
5065,21933.0,3
5066,21939.0,3
5067,21940.0,3
5068,21942.0,4
5069,21943.0,4
5070,21946.0,0
5071,21947.0,4
5072,21950.0,0
5073,21952.0,0
5074,21953.0,0
5075,21955.0,0
5076,21956.0,0
5077,21959.0,0
5078,21973.0,4
5079,21975.0,0
5080,21989.0,3
5081,21993.0,4
5082,22005.0,3
5083,22007.0,0
5084,22009.0,0
5085,22010.0,4
5086,22012.0,4
5087,22015.0,0
5088,22017.0,0
5089,22018.0,4
5090,22033.0,4
5091,22034.0,3
5092,22035.0,3
5093,22037.0,1
5094,22038.0,4
5095,22046.0,4
5096,22065.0,1
5097,22078.0,5
5098,22079.0,5
5099,22086.0,4
5100,22092.0,4
5101,22136.0,4
5102,22137.0,4
5103,22141.0,0
5104,22144.0,3
5105,22146.0,4
5106,22148.0,3
5107,22151.0,3
5108,22156.0,4
5109,22163.0,0
5110,22165.0,0
5111,22168.0,0
5112,22170.0,0
5113,22174.0,0
5114,22177.0,0
5115,22194.0,4
5116,22201.0,3
5117,22208.0,0
5118,22210.0,1
5119,22212.0,0
5120,22215.0,3
5121,22229.0,0
5122,22233.0,4
5123,22238.0,4
5124,22240.0,0
5125,22243.0,0
5126,22244.0,3
5127,22246.0,0
5128,22247.0,3
5129,22249.0,0
5130,22249.0,4
5131,22253.0,0
5132,22259.0,0
5133,22264.0,0
5134,22266.0,3
5135,22267.0,4
5136,22267.0,0
5137,22268.0,0
5138,22269.0,0
5139,22272.0,0
5140,22272.0,4
5141,22278.0,3
5142,22289.0,4
5143,22292.0,0
5144,22294.0,0
5145,22310.0,0
5146,22323.0,1
5147,22333.0,3
5148,22334.0,0
5149,22335.0,3
5150,22338.0,3
5151,22343.0,3
5152,22344.0,3
5153,22350.0,3
5154,22352.0,3
5155,22355.0,3
5156,22356.0,3
5157,22357.0,3
5158,22358.0,3
5159,22359.0,3
5160,22366.0,4
5161,22368.0,0
5162,22372.0,0
5163,22373.0,5
5164,22376.0,0
5165,22383.0,3
5166,22383.0,3
5167,22384.0,0
5168,22385.0,3
5169,22386.0,3
5170,22386.0,3
5171,22388.0,3
5172,22395.0,4
5173,22398.0,0
5174,22399.0,0
5175,22400.0,0
5176,22401.0,0
5177,22403.0,0
5178,22404.0,0
5179,22405.0,0
5180,22412.0,4
5181,22416.0,0
5182,22446.0,3
5183,22452.0,3
5184,22457.0,0
5185,22473.0,0
5186,22475.0,0
5187,22478.0,0
5188,22480.0,4
5189,22483.0,0
5190,22484.0,4
5191,22484.0,0
5192,22493.0,3
5193,22494.0,3
5194,22500.0,0
5195,22501.0,0
5196,22529.0,3
5197,22536.0,0
5198,22542.0,4
5199,22543.0,4
5200,22576.0,0
5201,22578.0,0
5202,22582.0,3
5203,22583.0,3
5204,22591.0,3
5205,22598.0,0
5206,22599.0,4
5207,22601.0,4
5208,22603.0,0
5209,22610.0,4
5210,22611.0,4
5211,22612.0,0
5212,22617.0,5
5213,22635.0,4
5214,22639.0,4
5215,22643.0,0
5216,22646.0,3
5217,22646.0,3
5218,22649.0,0
5219,22654.0,0
5220,22656.0,3
5221,22661.0,0
5222,22667.0,0
5223,22667.0,4
5224,22668.0,0
5225,22674.0,3
5226,22676.0,0
5227,22677.0,0
5228,22678.0,0
5229,22679.0,4
5230,22680.0,4
5231,22681.0,0
5232,22682.0,0
5233,22683.0,0
5234,22684.0,0
5235,22685.0,4
5236,22686.0,4
5237,22687.0,4
5238,22688.0,4
5239,22689.0,0
5240,22690.0,0
5241,22691.0,4
5242,22692.0,0
5243,22693.0,0
5244,22694.0,0
5245,22695.0,0
5246,22696.0,0
5247,22697.0,0
5248,22704.0,3
5249,22710.0,0
5250,22712.0,3
5251,22713.0,3
5252,22718.0,3
5253,22723.0,0
5254,22725.0,0
5255,22726.0,0
5256,22728.0,0
5257,22729.0,0
5258,22731.0,4
5259,22732.0,4
5260,22734.0,0
5261,22735.0,4
5262,22736.0,0
5263,22739.0,3
5264,22740.0,4
5265,22741.0,0
5266,22743.0,0
5267,22744.0,0
5268,22768.0,4
5269,22792.0,0
5270,22794.0,3
5271,22799.0,0
5272,22801.0,3
5273,22805.0,3
5274,22809.0,0
5275,22810.0,0
5276,22813.0,0
5277,22814.0,0
5278,22817.0,4
5279,22818.0,4
5280,22819.0,4
5281,22821.0,4
5282,22822.0,0
5283,22823.0,0
5284,22827.0,0
5285,22828.0,0
5286,22829.0,0
5287,22830.0,0
5288,22833.0,3
5289,22835.0,0
5290,22838.0,0
5291,22845.0,0
5292,22847.0,0
5293,22854.0,0
5294,22858.0,4
5295,22859.0,0
5296,22860.0,0
5297,22861.0,4
5298,22863.0,0
5299,22865.0,4
5300,22866.0,0
5301,22869.0,0
5302,22871.0,0
5303,22873.0,5
5304,22898.0,3
5305,22899.0,0
5306,22905.0,0
5307,22912.0,0
5308,22915.0,3
5309,22920.0,0
5310,22921.0,3
5311,22922.0,3
5312,22924.0,5
5313,22935.0,0
5314,22948.0,0
5315,22961.0,3
5316,22975.0,4
5317,22978.0,0
5318,22980.0,4
5319,22989.0,3
5320,22990.0,5
5321,22992.0,0
5322,22996.0,0
5323,22999.0,4
5324,23001.0,0
5325,23004.0,0
5326,23005.0,4
5327,23011.0,3
5328,23024.0,5
5329,23037.0,0
5330,23042.0,0
5331,23046.0,4
5332,23048.0,0
5333,23049.0,0
5334,23050.0,3
5335,23051.0,4
5336,23053.0,0
5337,23056.0,4
5338,23058.0,0
5339,23059.0,0
5340,23061.0,0
5341,23062.0,0
5342,23064.0,0
5343,23065.0,4
5344,23066.0,4
5345,23072.0,4
5346,23076.0,4
5347,23079.0,0
5348,23088.0,0
5349,23090.0,0
5350,23092.0,4
5351,23093.0,0
5352,23094.0,0
5353,23097.0,0
5354,23101.0,4
5355,23102.0,0
5356,23104.0,4
5357,23105.0,0
5358,23106.0,0
5359,23110.0,0
5360,23111.0,0
5361,23113.0,0
5362,23115.0,0
5363,23116.0,0
5364,23118.0,0
5365,23119.0,0
5366,23120.0,0
5367,23121.0,0
5368,23122.0,0
5369,23123.0,0
5370,23124.0,0
5371,23126.0,0
5372,23128.0,0
5373,23129.0,0
5374,23132.0,0
5375,23133.0,0
5376,23135.0,0
5377,23136.0,0
5378,23138.0,3
5379,23140.0,0
5380,23142.0,0
5381,23145.0,0
5382,23147.0,0
5383,23148.0,0
5384,23153.0,0
5385,23154.0,0
5386,23155.0,0
5387,23157.0,0
5388,23158.0,0
5389,23159.0,0
5390,23162.0,0
5391,23168.0,0
5392,23170.0,0
5393,23175.0,0
5394,23195.0,3
5395,23197.0,0
5396,23198.0,0
5397,23199.0,0
5398,23200.0,0
5399,23206.0,0
5400,23207.0,4
5401,23214.0,0
5402,23217.0,4
5403,23219.0,0
5404,23220.0,0
5405,23221.0,4
5406,23227.0,4
5407,23230.0,0
5408,23232.0,4
5409,23233.0,0
5410,23238.0,4
5411,23245.0,0
5412,23248.0,0
5413,23261.0,1
5414,23263.0,0
5415,23269.0,5
5416,23285.0,4
5417,23288.0,4
5418,23289.0,4
5419,23327.0,0
5420,23351.0,3
5421,23360.0,0
5422,23362.0,4
5423,23373.0,3
5424,23382.0,1
5425,23384.0,5
5426,23392.0,0
5427,23406.0,0
5428,23409.0,5
5429,23426.0,4
5430,23441.0,4
5431,23461.0,4
5432,23483.0,5
5433,23484.0,4
5434,23486.0,5
5435,23491.0,5
5436,23496.0,3
5437,23499.0,0
5438,23521.0,0
5439,23527.0,1
5440,23528.0,4
5441,23534.0,3
5442,23546.0,1
5443,23548.0,1
5444,23558.0,0
5445,23563.0,0
5446,23565.0,0
5447,23583.0,3
5448,23599.0,3
5449,23612.0,3
5450,23616.0,3
5451,23620.0,3
5452,23628.0,5
5453,23632.0,3
5454,23636.0,0
5455,23656.0,1
5456,23668.0,5
5457,23669.0,0
5458,23672.0,4
5459,23696.0,0
5460,23726.0,0
5461,23730.0,2
5462,23731.0,0
5463,23745.0,0
5464,23755.0,5
5465,23767.0,4
5466,23769.0,5
5467,23771.0,3
5468,23772.0,3
5469,23776.0,0
5470,23787.0,0
5471,23788.0,0
5472,23791.0,5
5473,23793.0,3
5474,23794.0,3
5475,23795.0,3
5476,23805.0,3
5477,23806.0,3
5478,23807.0,3
5479,23835.0,5
5480,23836.0,3
5481,23841.0,0
5482,23858.0,4
5483,23869.0,3
5484,23873.0,4
5485,23875.0,4
5486,23881.0,5
5487,23901.0,3
5488,23920.0,3
5489,23922.0,3
5490,23959.0,0
5491,23961.0,4
5492,24010.0,5
5493,24021.0,0
5494,24022.0,5
5495,24033.0,0
5496,24060.0,4
5497,24078.0,5
5498,24115.0,0
5499,24116.0,0
5500,24118.0,3
5501,24125.0,0
5502,24128.0,3
5503,24140.0,0
5504,24142.0,5
5505,24145.0,5
5506,24156.0,4
5507,24167.0,0
5508,24172.0,4
5509,24173.0,0
5510,24183.0,4
5511,24184.0,4
5512,24188.0,4
5513,24210.0,0
5514,24215.0,5
5515,24299.0,4
5516,24306.0,0
5517,24309.0,3
5518,24317.0,3
5519,24321.0,5
5520,24322.0,5
5521,24324.0,3
5522,24345.0,2
5523,24351.0,3
5524,24355.0,3
5525,24356.0,0
5526,24359.0,0
5527,24361.0,0
5528,24362.0,0
5529,24368.0,0
5530,24369.0,3
5531,24374.0,3
5532,24376.0,3
5533,24385.0,3
5534,24389.0,1
5535,24390.0,0
5536,24391.0,0
5537,24395.0,5
5538,24400.0,3
5539,24401.0,5
5540,24409.0,5
5541,24415.0,3
5542,24421.0,3
5543,24421.0,3
5544,24431.0,4
5545,24434.0,4
5546,24463.0,3
5547,24479.0,0
5548,24559.0,0
5549,24570.0,3
5550,24570.0,4
5551,24582.0,0
5552,24587.0,3
5553,24595.0,0
5554,24597.0,4
5555,24599.0,1
5556,24617.0,0
5557,24627.0,4
5558,24628.0,3
5559,24632.0,3
5560,24642.0,3
5561,24665.0,3
5562,24666.0,3
5563,24668.0,4
5564,24680.0,5
5565,24695.0,5
5566,24703.0,0
5567,24739.0,0
5568,24753.0,0
5569,24759.0,4
5570,24768.0,0
5571,24772.0,0
5572,24776.0,5
5573,24788.0,3
5574,24790.0,4
5575,24795.0,0
5576,24802.0,0
5577,24803.0,0
5578,24811.0,4
5579,24816.0,3
5580,24817.0,0
5581,24818.0,3
5582,24835.0,4
5583,24839.0,3
5584,24843.0,2
5585,24844.0,3
5586,24846.0,3
5587,24860.0,0
5588,24867.0,0
5589,24870.0,1
5590,24873.0,4
5591,24878.0,4
5592,24880.0,3
5593,24890.0,5
5594,24903.0,5
5595,24905.0,0
5596,24915.0,0
5597,24921.0,4
5598,24922.0,3
5599,24942.0,5
5600,24953.0,2
5601,24973.0,3
5602,24983.0,3
5603,24988.0,0
5604,24993.0,0
5605,24997.0,0
5606,25033.0,5
5607,25036.0,0
5608,25054.0,0
5609,25060.0,3
5610,25063.0,3
5611,25088.0,0
5612,25091.0,4
5613,25097.0,3
5614,25102.0,4
5615,25104.0,0
5616,25109.0,5
5617,25123.0,4
5618,25126.0,0
5619,25130.0,3
5620,25146.0,3
5621,25152.0,0
5622,25163.0,0
5623,25171.0,4
5624,25173.0,3
5625,25178.0,1
5626,25186.0,1
5627,25188.0,4
5628,25191.0,0
5629,25195.0,5
5630,25197.0,0
5631,25209.0,5
5632,25212.0,0
5633,25216.0,4
5634,25226.0,1
5635,25229.0,4
5636,25234.0,4
5637,25235.0,1
5638,25242.0,1
5639,25243.0,4
5640,25245.0,3
5641,25254.0,3
5642,25256.0,3
5643,25264.0,5
5644,25272.0,0
5645,25298.0,4
5646,25298.0,3
5647,25312.0,5
5648,25313.0,5
5649,25314.0,0
5650,25327.0,0
5651,25328.0,0
5652,25343.0,5
5653,25351.0,0
5654,25355.0,0
5655,25359.0,0
5656,25360.0,0
5657,25362.0,5
5658,25364.0,0
5659,25370.0,4
5660,25376.0,4
5661,25396.0,0
5662,25402.0,3
5663,25408.0,0
5664,25416.0,0
5665,25417.0,3
5666,25418.0,3
5667,25432.0,3
5668,25436.0,4
5669,25460.0,3
5670,25466.0,3
5671,25468.0,5
5672,25474.0,3
5673,25478.0,0
5674,25496.0,0
5675,25497.0,5
5676,25509.0,0
5677,25515.0,3
5678,25516.0,1
5679,25527.0,5
5680,25540.0,4
5681,25541.0,0
5682,25547.0,3
5683,25560.0,1
5684,25568.0,3
5685,25630.0,0
5686,25644.0,4
5687,25650.0,0
5688,25652.0,0
5689,25672.0,4
5690,25682.0,0
5691,25685.0,4
5692,25694.0,5
5693,25718.0,0
5694,25720.0,0
5695,25721.0,0
5696,25736.0,0
5697,25760.0,5
5698,25766.0,0
5699,25767.0,3
5700,25777.0,3
5701,25781.0,4
5702,25787.0,0
5703,25810.0,5
5704,25824.0,3
5705,25833.0,3
5706,25846.0,1
5707,25861.0,0
5708,25873.0,3
5709,25887.0,3
5710,25902.0,0
5711,25912.0,4
5712,25914.0,1
5713,25926.0,4
5714,25928.0,4
5715,25941.0,1
5716,25942.0,3
5717,25944.0,0
5718,25958.0,0
5719,25967.0,3
5720,25967.0,4
5721,25975.0,0
5722,25976.0,1
5723,25979.0,5
5724,25980.0,2
5725,25983.0,5
5726,26001.0,5
5727,26007.0,3
5728,26025.0,4
5729,26036.0,4
5730,26040.0,0
5731,26041.0,0
5732,26064.0,4
5733,26067.0,4
5734,26074.0,3
5735,26081.0,4
5736,26093.0,5
5737,26096.0,0
5738,26102.0,0
5739,26107.0,5
5740,26108.0,0
5741,26109.0,1
5742,26124.0,1
5743,26129.0,2
5744,26134.0,4
5745,26137.0,3
5746,26143.0,5
5747,26144.0,4
5748,26145.0,0
5749,26146.0,0
5750,26154.0,3
5751,26155.0,0
5752,26159.0,0
5753,26171.0,1
5754,26185.0,5
5755,26193.0,0
5756,26194.0,4
5757,26198.0,3
5758,26200.0,0
5759,26209.0,3
5760,26214.0,4
5761,26216.0,3
5762,26216.0,4
5763,26221.0,4
5764,26223.0,5
5765,26239.0,0
5766,26240.0,0
5767,26249.0,3
5768,26258.0,0
5769,26264.0,0
5770,26276.0,3
5771,26276.0,4
5772,26278.0,0
5773,26279.0,0
5774,26281.0,5
5775,26287.0,5
5776,26296.0,4
5777,26309.0,3
5778,26312.0,3
5779,26313.0,0
5780,26319.0,0
5781,26320.0,0
5782,26321.0,0
5783,26324.0,0
5784,26332.0,0
5785,26354.0,0
5786,26373.0,0
5787,26382.0,3
5788,26383.0,0
5789,26389.0,3
5790,26395.0,0
5791,26396.0,1
5792,26412.0,0
5793,26429.0,5
5794,26433.0,0
5795,26439.0,0
5796,26443.0,0
5797,26444.0,5
5798,26447.0,5
5799,26453.0,4
5800,26456.0,1
5801,26458.0,0
5802,26466.0,5
5803,26475.0,0
5804,26484.0,0
5805,26496.0,3
5806,26498.0,2
5807,26508.0,0
5808,26515.0,3
5809,26520.0,0
5810,26527.0,0
5811,26532.0,1
5812,26538.0,0
5813,26540.0,4
5814,26542.0,3
5815,26543.0,5
5816,26547.0,0
5817,26552.0,5
5818,26555.0,0
5819,26562.0,5
5820,26563.0,0
5821,26568.0,4
5822,26575.0,0
5823,26580.0,5
5824,26584.0,4
5825,26598.0,4
5826,26608.0,0
5827,26618.0,0
5828,26629.0,3
5829,26632.0,0
5830,26634.0,0
5831,26642.0,5
5832,26646.0,5
5833,26653.0,3
5834,26654.0,5
5835,26656.0,0
5836,26658.0,1
5837,26661.0,0
5838,26663.0,0
5839,26664.0,5
5840,26675.0,5
5841,26676.0,5
5842,26703.0,3
5843,26705.0,3
5844,26707.0,0
5845,26709.0,4
5846,26709.0,3
5847,26734.0,3
5848,26737.0,4
5849,26738.0,0
5850,26739.0,3
5851,26741.0,3
5852,26764.0,4
5853,26764.0,3
5854,26781.0,3
5855,26783.0,4
5856,26789.0,0
5857,26804.0,4
5858,26807.0,4
5859,26809.0,4
5860,26816.0,4
5861,26818.0,0
5862,26819.0,4
5863,26822.0,0
5864,26825.0,4
5865,26830.0,5
5866,26844.0,0
5867,26846.0,0
5868,26854.0,4
5869,26856.0,4
5870,26857.0,5
5871,26880.0,4
5872,26881.0,0
5873,26885.0,0
5874,26887.0,0
5875,26894.0,5
5876,26898.0,2
5877,26909.0,0
5878,26915.0,0
5879,26925.0,3
5880,26938.0,1
5881,26940.0,3
5882,26957.0,0
5883,26966.0,4
5884,26970.0,0
5885,26971.0,0
5886,26972.0,3
5887,26973.0,3
5888,26978.0,4
5889,26979.0,4
5890,26988.0,3
5891,26990.0,0
5892,27001.0,2
5893,27002.0,2
5894,27006.0,4
5895,27007.0,3
5896,27009.0,3
5897,27018.0,3
5898,27020.0,4
5899,27023.0,3
5900,27033.0,0
5901,27041.0,5
5902,27042.0,0
5903,27043.0,3
5904,27044.0,0
5905,27063.0,0
5906,27066.0,0
5907,27068.0,3
5908,27071.0,3
5909,27097.0,3
5910,27101.0,3
5911,27116.0,4
5912,27118.0,3
5913,27119.0,3
5914,27127.0,5
5915,27144.0,5
5916,27150.0,0
5917,27152.0,3
5918,27153.0,0
5919,27171.0,1
5920,27177.0,1
5921,27183.0,3
5922,27185.0,3
5923,27193.0,0
5924,27197.0,4
5925,27204.0,0
5926,27219.0,3
5927,27235.0,0
5928,27237.0,0
5929,27240.0,1
5930,27246.0,4
5931,27256.0,0
5932,27264.0,3
5933,27274.0,3
5934,27275.0,4
5935,27275.0,0
5936,27278.0,3
5937,27280.0,0
5938,27284.0,3
5939,27299.0,0
5940,27309.0,5
5941,27310.0,5
5942,27313.0,0
5943,27324.0,4
5944,27334.0,3
5945,27340.0,0
5946,27345.0,0
5947,27347.0,0
5948,27354.0,4
5949,27361.0,0
5950,27364.0,1
5951,27372.0,5
5952,27374.0,0
5953,27416.0,3
5954,27454.0,5
5955,27461.0,4
5956,27462.0,4
5957,27463.0,1
5958,27464.0,0
5959,27467.0,4
5960,27486.0,3
5961,27488.0,5
5962,27500.0,2
5963,27519.0,4
5964,27528.0,4
5965,27558.0,0
5966,27561.0,0
5967,27573.0,3
5968,27577.0,4
5969,27578.0,4
5970,27579.0,4
5971,27580.0,2
5972,27581.0,5
5973,27585.0,4
5974,27595.0,4
5975,27596.0,5
5976,27600.0,3
5977,27606.0,4
5978,27611.0,4
5979,27616.0,4
5980,27620.0,3
5981,27621.0,0
5982,27624.0,4
5983,27643.0,0
5984,27647.0,4
5985,27650.0,4
5986,27652.0,5
5987,27661.0,3
5988,27664.0,4
5989,27670.0,4
5990,27671.0,1
5991,27672.0,0
5992,27673.0,4
5993,27676.0,4
5994,27687.0,0
5995,27694.0,3
5996,27704.0,3
5997,27712.0,1
5998,27726.0,0
5999,27739.0,3
6000,27741.0,5
6001,27748.0,1
6002,27749.0,0
6003,27750.0,1
6004,27755.0,0
6005,27756.0,4
6006,27757.0,0
6007,27761.0,3
6008,27776.0,5
6009,27781.0,4
6010,27785.0,0
6011,27789.0,4
6012,27795.0,0
6013,27796.0,0
6014,27797.0,0
6015,27800.0,0
6016,27801.0,4
6017,27805.0,0
6018,27806.0,0
6019,27811.0,4
6020,27816.0,3
6021,27819.0,0
6022,27825.0,3
6023,27826.0,3
6024,27827.0,3
6025,27829.0,5
6026,27830.0,3
6027,27835.0,4
6028,27842.0,0
6029,27843.0,0
6030,27848.0,5
6031,27849.0,0
6032,27853.0,3
6033,27854.0,4
6034,27856.0,3
6035,27861.0,3
6036,27862.0,5
6037,27863.0,1
6038,27868.0,3
6039,27869.0,5
6040,27879.0,4
6041,27880.0,0
6042,27887.0,0
6043,27890.0,0
6044,27892.0,0
6045,27897.0,1
6046,27898.0,4
6047,27899.0,0
6048,27903.0,0
6049,27905.0,2
6050,27909.0,0
6051,27910.0,4
6052,27915.0,5
6053,27917.0,1
6054,27920.0,3
6055,27921.0,0
6056,27924.0,4
6057,27927.0,1
6058,27930.0,4
6059,27936.0,0
6060,27937.0,3
6061,27940.0,0
6062,27942.0,0
6063,27943.0,0
6064,27949.0,3
6065,27950.0,2
6066,27955.0,3
6067,27956.0,3
6068,27957.0,0
6069,27966.0,3
6070,27967.0,0
6071,27969.0,4
6072,27972.0,4
6073,27974.0,3
6074,27976.0,5
6075,27978.0,0
6076,27985.0,0
6077,27987.0,4
6078,27988.0,4
6079,27992.0,0
6080,27993.0,0
6081,27995.0,0
6082,27996.0,5
6083,27997.0,5
6084,27998.0,0
6085,28004.0,3
6086,28009.0,5
6087,28010.0,0
6088,28013.0,2
6089,28015.0,4
6090,28016.0,4
6091,28020.0,4
6092,28021.0,0
6093,28022.0,3
6094,28026.0,4
6095,28029.0,1
6096,28042.0,0
6097,28045.0,0
6098,28048.0,0
6099,28058.0,4
6100,28060.0,3
6101,28062.0,5
6102,28063.0,0
6103,28067.0,4
6104,28072.0,4
6105,28084.0,0
6106,28086.0,3
6107,28087.0,3
6108,28090.0,5
6109,28097.0,3
6110,28101.0,0
6111,28103.0,0
6112,28105.0,0
6113,28106.0,0
6114,28110.0,5
6115,28128.0,4
6116,28133.0,2
6117,28137.0,0
6118,28147.0,3
6119,28165.0,4
6120,28166.0,0
6121,28174.0,0
6122,28175.0,0
6123,28189.0,0
6124,28190.0,0
6125,28197.0,0
6126,28200.0,3
6127,28213.0,0
6128,28215.0,1
6129,28219.0,0
6130,28224.0,1
6131,28229.0,2
6132,28230.0,3
6133,28235.0,3
6134,28236.0,0
6135,28237.0,0
6136,28250.0,5
6137,28264.0,0
6138,28265.0,0
6139,28271.0,4
6140,28286.0,4
6141,28288.0,2
6142,28291.0,3
6143,28294.0,5
6144,28295.0,5
6145,28297.0,3
6146,28305.0,4
6147,28312.0,3
6148,28318.0,1
6149,28326.0,3
6150,28340.0,5
6151,28350.0,0
6152,28361.0,0
6153,28365.0,4
6154,28369.0,1
6155,28370.0,3
6156,28378.0,0
6157,28386.0,0
6158,28392.0,0
6159,28405.0,3
6160,28407.0,0
6161,28415.0,3
6162,28416.0,3
6163,28418.0,4
6164,28422.0,0
6165,28425.0,0
6166,28426.0,0
6167,28427.0,3
6168,28433.0,1
6169,28440.0,5
6170,28442.0,3
6171,28443.0,5
6172,28448.0,4
6173,28451.0,5
6174,28457.0,4
6175,28459.0,3
6176,28460.0,0
6177,28479.0,0
6178,28482.0,0
6179,28484.0,5
6180,28494.0,0
6181,28498.0,1
6182,28501.0,3
6183,28504.0,0
6184,28506.0,0
6185,28511.0,5
6186,28512.0,3
6187,28514.0,0
6188,28515.0,0
6189,28516.0,0
6190,28522.0,3
6191,28524.0,0
6192,28531.0,3
6193,28532.0,4
6194,28538.0,0
6195,28541.0,4
6196,28545.0,0
6197,28548.0,3
6198,28556.0,0
6199,28575.0,3
6200,28576.0,0
6201,28584.0,0
6202,28586.0,4
6203,28588.0,0
6204,28591.0,3
6205,28602.0,3
6206,28610.0,5
6207,28611.0,3
6208,28614.0,1
6209,28629.0,0
6210,28632.0,1
6211,28641.0,3
6212,28644.0,3
6213,28645.0,4
6214,28648.0,0
6215,28652.0,4
6216,28654.0,1
6217,28655.0,4
6218,28658.0,0
6219,28659.0,4
6220,28669.0,0
6221,28674.0,4
6222,28677.0,3
6223,28683.0,4
6224,28692.0,4
6225,28697.0,0
6226,28705.0,3
6227,28707.0,3
6228,28708.0,0
6229,28714.0,0
6230,28715.0,0
6231,28718.0,3
6232,28726.0,3
6233,28728.0,3
6234,28729.0,0
6235,28735.0,5
6236,28752.0,0
6237,28758.0,4
6238,28759.0,4
6239,28763.0,0
6240,28773.0,2
6241,28775.0,0
6242,28778.0,3
6243,28784.0,0
6244,28795.0,4
6245,28796.0,3
6246,28801.0,4
6247,28811.0,0
6248,28820.0,3
6249,28824.0,5
6250,28828.0,3
6251,28836.0,3
6252,28840.0,5
6253,28844.0,0
6254,28846.0,5
6255,28850.0,2
6256,28858.0,0
6257,28864.0,3
6258,28866.0,0
6259,28867.0,0
6260,28874.0,0
6261,28880.0,3
6262,28885.0,1
6263,28894.0,5
6264,28899.0,3
6265,28904.0,3
6266,28908.0,3
6267,28909.0,0
6268,28911.0,3
6269,28912.0,0
6270,28916.0,3
6271,28922.0,3
6272,28923.0,5
6273,28924.0,4
6274,28927.0,4
6275,28944.0,0
6276,28950.0,1
6277,28958.0,4
6278,28966.0,4
6279,28976.0,3
6280,28981.0,0
6281,28983.0,0
6282,28986.0,3
6283,29008.0,3
6284,29013.0,0
6285,29018.0,0
6286,29019.0,0
6287,29030.0,3
6288,29031.0,3
6289,29031.0,3
6290,29034.0,0
6291,29041.0,0
6292,29044.0,0
6293,29045.0,3
6294,29047.0,3
6295,29049.0,5
6296,29050.0,5
6297,29054.0,3
6298,29058.0,3
6299,29065.0,0
6300,29070.0,0
6301,29078.0,4
6302,29087.0,3
6303,29088.0,5
6304,29089.0,3
6305,29092.0,0
6306,29093.0,0
6307,29094.0,1
6308,29095.0,1
6309,29099.0,3
6310,29101.0,3
6311,29113.0,1
6312,29114.0,4
6313,29115.0,5
6314,29117.0,5
6315,29118.0,3
6316,29121.0,5
6317,29133.0,3
6318,29135.0,4
6319,29139.0,0
6320,29146.0,0
6321,29151.0,3
6322,29162.0,3
6323,29164.0,3
6324,29172.0,0
6325,29174.0,4
6326,29177.0,4
6327,29182.0,0
6328,29188.0,4
6329,29190.0,4
6330,29193.0,3
6331,29194.0,0
6332,29195.0,4
6333,29198.0,5
6334,29200.0,4
6335,29207.0,0
6336,29216.0,4
6337,29218.0,3
6338,29224.0,0
6339,29225.0,1
6340,29254.0,4
6341,29255.0,5
6342,29260.0,0
6343,29266.0,4
6344,29267.0,0
6345,29270.0,3
6346,29271.0,1
6347,29272.0,1
6348,29273.0,1
6349,29276.0,4
6350,29280.0,0
6351,29281.0,0
6352,29284.0,0
6353,29296.0,4
6354,29297.0,3
6355,29298.0,3
6356,29301.0,0
6357,29311.0,0
6358,29315.0,3
6359,29316.0,5
6360,29318.0,4
6361,29320.0,3
6362,29332.0,3
6363,29335.0,5
6364,29345.0,4
6365,29346.0,3
6366,29354.0,3
6367,29356.0,2
6368,29360.0,0
6369,29361.0,0
6370,29374.0,1
6371,29383.0,0
6372,29386.0,5
6373,29387.0,3
6374,29392.0,5
6375,29410.0,0
6376,29416.0,0
6377,29735.0,1
6378,30078.0,1
